country,year,turnoutreg,closeness,closeness_per,weekday,streltype,compulsory,populationNohl,concurrent,v2x_polyarchy,democracy,gini
Albania,1996,89.08,578816,35.1,Sunday,L,0,3283000,0,0.381,FALSE,0.4676298
Albania,2017,46.75,308337,19.490000000000002,Sunday,L,0,NA,0,0.52,TRUE,0.49776044
Albania,2005,48,98643,7.300000000000001,Sunday,L,0,3135000,0,0.505,TRUE,0.47448188
Algeria,1988,89.1,9836830,86.52000000000001,Thursday,P,0,23758000,0,0.206,FALSE,0.6086116
Algeria,2007,35.6,33424,0.6000000000000014,Thursday,L,0,NA,0,0.333,FALSE,0.50304
Algeria,2004,58.1,7997772,78.6,Thursday,P,0,NA,0,0.336,FALSE,0.5143018
Algeria,1995,74.9,4116644,35.4,Thursday,P,0,27600000,0,0.186,FALSE,0.54793733
Algeria,1991,59,1647275,23.9,Thursday,L,0,25680000,0,0.351,FALSE,0.5826323
Algeria,1999,60.9,6179451,61.2,Thursday,P,0,NA,0,0.327,FALSE,0.53301585
Algeria,1997,65.6,1980280,18.900000000000002,Thursday,L,0,29830370,0,0.32,FALSE,0.5404821
Algeria,2009,74.5,12307447,86,Thursday,P,0,NA,0,0.328,FALSE,0.4955184
Angola,2008,87.4,4595853,71.19999999999999,Saturday,L,0,NA,0,0.189,FALSE,0.60936785
Argentina,2007,76.21,3568118,17.25,Sunday,L,1,NA,1,0.795,TRUE,0.5875013
Argentina,2017,77.61,465571,1.910000000000002,Sunday,L,1,NA,0,0.746,TRUE,0.5813541
Argentina,2011,79.25,7497108,36.44,Sunday,L,1,NA,1,0.778,TRUE,0.5548189
Argentina,2003,78.2,2821731,13.599999999999998,Sunday,P,1,38740807,0,0.813,TRUE,0.6189456
Argentina,2009,73.29,139839,0.72999999999999865,Sunday,L,1,NA,0,0.777,TRUE,0.56897336
Argentina,2015,81.07,737359,3,Sunday,P,1,NA,1,0.777,TRUE,0.5628818
Argentina,2007,76.2,4248651,22.25,Sunday,P,1,NA,1,0.795,TRUE,0.5875013
Argentina,2015,80.77,678774,2.799999999999997,Sunday,P,1,NA,0,0.777,TRUE,0.5628818
Argentina,2005,73.33,3743381,21.75,Sunday,L,1,NA,0,0.806,TRUE,0.5925512
Argentina,2001,75.6,2821731,19.099999999999998,Sunday,L,1,37500000,0,0.84,TRUE,0.6608881
Argentina,2013,77.64,2936100,12.98,Sunday,L,1,NA,0,0.788,TRUE,0.5417377
Argentina,2015,80.82,4701304,20.17,Sunday,L,1,NA,1,0.777,TRUE,0.5628818
Armenia,1999,51.7,317972,29.4,Sunday,L,0,3798200,0,0.42,FALSE,0.5529118
Armenia,2017,60.86,342282,21.8,Sunday,L,0,NA,0,0.387,FALSE,0.5389757
Armenia,2007,59.9,253775,18.779999999999994,Saturday,L,0,NA,0,0.354,FALSE,0.49655297
Armenia,2013,60.09,321488,21.89,Monday,P,0,NA,0,0.355,FALSE,0.4893882
Armenia,1996,60.3,130759,10.299999999999997,Sunday,P,0,3780700,0,0.421,FALSE,0.58842224
Armenia,2008,72.14,511147,31.32,Tuesday,P,0,NA,0,0.32,FALSE,0.4811393
Armenia,2003,51,569394,53.839999999999996,Sunday,L,0,NA,0,0.356,FALSE,0.5267976
Armenia,2012,61.83,209767,13.900000000000002,Sunday,L,0,NA,0,0.356,FALSE,0.48179293
Armenia,2003,67.04,540580,34.7,Wednesday,P,0,NA,0,0.356,FALSE,0.5267976
Armenia,2003,63.21,310917,21.259999999999998,Wednesday,P,0,NA,0,0.356,FALSE,0.5267976
Armenia,2018,48.62,781063,62.10000000000001,Sunday,L,0,NA,0,0.536,TRUE,0.53986424
Australia,2007,94.8,159189,1.2999999999999972,Saturday,L,1,NA,0,0.876,TRUE,0.4812281
Australia,2016,91,991349,7.299999999999997,Saturday,L,1,NA,0,0.883,TRUE,0.48339278
Australia,2001,95.4,593538,4.900000000000006,Saturday,L,1,NA,0,0.884,TRUE,0.46136788
Australia,1983,94.6,510111,5.899999999999999,Saturday,L,1,15393500,0,0.876,TRUE,0.42179856
Australia,1975,95.4,789074,10.200000000000003,Saturday,L,1,13849300,0,0.867,TRUE,0.41793942
Australia,1974,95.4,264565,3.5999999999999943,Saturday,L,1,13709500,0,0.868,TRUE,0.42311
Australia,1993,95.8,69568,0.6000000000000014,Saturday,L,1,17667100,0,0.888,TRUE,0.4519824
Australia,1990,95.3,397989,4.100000000000001,Saturday,L,1,17085400,0,0.89,TRUE,0.43867373
Australia,2004,94.3,1062471,9.100000000000001,Saturday,L,1,NA,0,0.875,TRUE,0.4747608
Australia,1984,94.2,220088,2.5,Saturday,L,1,15579400,0,0.884,TRUE,0.42413527
Australia,1977,95.1,670289,8.5,Saturday,L,1,14192200,0,0.863,TRUE,0.41468245
Australia,1963,95.7,31137,0.5,Saturday,L,1,11022811,0,0.837,TRUE,0.46207562
Australia,1969,95,221573,3.700000000000003,Saturday,L,1,12388192,0,0.844,TRUE,0.44023964
Australia,1949,96,197055,4.299999999999997,Saturday,L,1,8050882,0,0.815,TRUE,0.49602222
Australia,1946,94,263397,6,Saturday,L,1,7517081,0,0.812,TRUE,0.48458228
Australia,1951,96,123672,2.6999999999999957,Saturday,L,1,8528129,0,0.794,TRUE,0.43311238
Australia,2010,93.2,697268,5.600000000000001,Saturday,L,1,NA,0,0.895,TRUE,0.4869819
Australia,1958,95.5,186610,3.8000000000000043,Saturday,L,1,9951618,0,0.83,TRUE,0.46772474000000003
Australia,1987,93.8,35475,0.30000000000000426,Saturday,L,1,16263300,0,0.883,TRUE,0.449285
Australia,1972,95.4,535638,8.100000000000001,Saturday,L,1,13283900,0,0.862,TRUE,0.43788695
Australia,1954,96.1,135119,2.8999999999999986,Saturday,L,1,9090395,0,0.819,TRUE,0.42483565
Australia,1980,94.4,103984,1.2999999999999972,Saturday,L,1,14695400,0,0.871,TRUE,0.42094216
Australia,1955,95,132101,3,Saturday,L,1,9311825,0,0.821,TRUE,0.42274076
Australia,1996,95.8,924396,8.400000000000006,Saturday,L,1,18310700,0,0.888,TRUE,0.45645446
Australia,1966,95.1,571056,10,Saturday,L,1,11710387,0,0.836,TRUE,0.44550252
Australia,2013,93.3,1571527,12.200000000000003,Saturday,L,1,NA,0,0.877,TRUE,0.4882326
Australia,1961,95.3,304716,5.799999999999997,Saturday,L,1,10603931,0,0.829,TRUE,0.4546369
Australia,1998,95,65497,0.6000000000000014,Saturday,L,1,18730359,0,0.881,TRUE,0.46216103
Austria,2010,53.57,2026450,64.09,Sunday,P,0,NA,0,0.867,TRUE,0.45210794
Austria,2008,78.8,160550,3.3000000000000007,Sunday,L,0,8347341,0,0.872,TRUE,0.45639881
Austria,2013,74.9,132729,2.8000000000000007,Sunday,L,0,NA,0,0.869,TRUE,0.42535633
Austria,2006,78.5,47493,1,Sunday,L,0,8281948,0,0.863,TRUE,0.47433436
Austria,2004,71.6,197364,4.799999999999997,Sunday,P,0,8174733,0,0.859,TRUE,0.44233763
Austria,2016,68.5,586753,14,Sunday,P,0,NA,0,0.841,TRUE,0.4431692
Austria,2016,74.2,348231,7.599999999999994,Sunday,P,0,NA,0,0.841,TRUE,0.4431692
Azerbaijan,1995,86.1,1882343,53,Sunday,L,0,7726200,0,0.251,FALSE,0.5556126
Azerbaijan,2003,54,2066402,67.8,Wednesday,P,0,NA,0,0.236,FALSE,0.47461006
Bangladesh,1991,55.4,247683,0.6999999999999993,Wednesday,L,0,111455000,0,0.492,FALSE,0.4925115
Bangladesh,1988,52.5,14416793,55.800000000000004,Thursday,L,0,106645000,0,0.314,FALSE,0.5104734
Belarus,2006,92.9,5095763,81,Sunday,P,0,NA,0,0.227,FALSE,0.4475794
Belarus,2016,74.8,2603507,50.6,Sunday,L,0,NA,0,0.258,FALSE,0.42544457
Belarus,2015,87.2,4716253,77.2,Sunday,P,0,NA,0,0.251,FALSE,0.42278478
Belarus,2001,83.9,3701419,61.400000000000006,Sunday,P,0,9990000,0,0.247,FALSE,0.47221053
Belarus,2010,90.6,4713632,73.9,Sunday,P,0,NA,0,0.229,FALSE,0.45383504
Belgium,2003,91.6,29473,0.5,Sunday,L,1,10396421,0,0.884,TRUE,0.44499046
Belgium,1991,92.7,56280,0.8999999999999986,Sunday,L,1,10021997,0,0.871,TRUE,0.44180492
Belgium,2014,89.4,579339,8.600000000000001,Sunday,L,1,NA,0,0.896,TRUE,0.4380374
Belgium,2010,89.2,241074,3.6999999999999993,Sunday,L,1,NA,0,0.895,TRUE,0.4396203
Belgium,1995,91.1,28771,0.5999999999999979,Sunday,L,1,10143047,0,0.879,TRUE,0.44443268
Belgium,1999,90.6,278307,4.399999999999999,Sunday,L,1,10239085,0,0.88,TRUE,0.4533958
Belgium,2007,91.1,399877,6,Sunday,L,1,NA,0,0.885,TRUE,0.4535148
Belgium,1985,93.6,56810,0.8999999999999986,Sunday,L,1,9858895,0,0.858,TRUE,0.42944416
Benin,2003,56,241484,12.799999999999997,Sunday,L,0,NA,0,0.617,TRUE,0.59087086
Benin,2011,84.8,520154,17.5,Sunday,P,0,NA,0,0.619,TRUE,0.6253886
Botswana,2009,76.71,170590,31.4,Friday,L,0,NA,0,0.722,TRUE,0.7582452
Brazil,2018,79.8,1331267,1.3999999999999986,Sunday,L,1,NA,1,0.742,TRUE,0.6808988
Brazil,2010,81.9,3751947,3.8999999999999986,Sunday,L,1,NA,1,0.872,TRUE,0.6810596
Brazil,2014,78.9,3459963,3.200000000000003,Sunday,P,1,NA,0,0.876,TRUE,0.6731757
Brazil,2014,80.6,8370457,8,Sunday,P,1,NA,1,0.876,TRUE,0.6731757
Brazil,2010,81.9,14519151,14.299999999999997,Sunday,P,1,NA,1,0.872,TRUE,0.6810596
Brazil,2006,83.25,6693996,6.969999999999999,Sunday,P,1,NA,1,0.876,TRUE,0.69234246
Brazil,2010,78.5,12041141,12.200000000000003,Sunday,P,1,NA,0,0.872,TRUE,0.6810596
Brazil,2002,82.3,19735031,23,Sunday,P,1,174632960,1,0.859,TRUE,0.6983636
Brazil,2018,79.67,17934985,16.75,Sunday,P,1,NA,1,0.742,TRUE,0.6808988
Brazil,2018,78.7,10756941,10.200000000000003,Sunday,P,1,NA,0,0.742,TRUE,0.6808988
Brazil,2002,79.5,19416731,22.599999999999994,Sunday,P,1,174632960,0,0.859,TRUE,0.6983636
Brazil,2006,81.01,20751864,21.659999999999997,Sunday,P,1,NA,1,0.876,TRUE,0.69234246
Brazil,2006,83.3,409342,0.40000000000000036,Sunday,L,1,NA,1,0.876,TRUE,0.69234246
Brazil,2002,52.3,831864,0.9000000000000004,Sunday,L,1,174632960,1,0.859,TRUE,0.6983636
Bulgaria,1992,75.9,295001,5.599999999999994,Sunday,P,0,8487317,0,0.699,TRUE,0.43796283
Bulgaria,2001,67.03,1122175,24.560000000000002,Sunday,L,0,7928901,0,0.695,TRUE,0.47230393
Bulgaria,2001,55.09,319332,8.399999999999999,Sunday,P,0,7928901,0,0.695,TRUE,0.47230393
Bulgaria,2017,53.85,191802,5.600000000000001,Sunday,L,1,NA,0,0.631,TRUE,0.54860836
Bulgaria,2016,50.86,806547,23,Sunday,P,1,NA,0,0.674,TRUE,0.5294342
Bulgaria,2011,52.29,375080,11,Sunday,P,0,NA,0,0.682,TRUE,0.4723393
Bulgaria,1997,62.93,1284406,30.189999999999998,Saturday,L,0,8200000,0,0.713,TRUE,0.49237436
Bulgaria,1991,83.87,67519,1.2999999999999972,Sunday,L,0,8710000,0,0.631,TRUE,0.3996267
Bulgaria,2011,48.25,166943,5.200000000000003,Sunday,P,0,NA,0,0.682,TRUE,0.4723393
Bulgaria,2006,44.11,1182944,42.56,Sunday,P,0,NA,0,0.708,TRUE,0.48512822
Bulgaria,2001,41.8,40985,1,Sunday,P,0,7928901,0,0.695,TRUE,0.47230393
Bulgaria,1994,75.3,1030747,19.299999999999997,Sunday,L,0,8400000,0,0.698,TRUE,0.49742582
Bulgaria,1992,75.4,715070,14,Sunday,P,0,8487317,0,0.699,TRUE,0.43796283
Bulgaria,1990,90.78,669968,10.939999999999998,Sunday,L,0,8710000,0,0.577,TRUE,0.35996926
Bulgaria,2009,60.64,930494,22.000000000000004,Sunday,L,0,NA,0,0.7,TRUE,0.47017875
Bulgaria,2014,51.1,566964,17.400000000000002,Sunday,L,0,NA,0,0.681,TRUE,0.4951998
Bulgaria,2016,57,133119,3.5,Sunday,P,1,NA,0,0.674,TRUE,0.5294342
Bulgaria,1996,61.8,815275,19.459999999999994,Sunday,P,0,8300000,0,0.7,TRUE,0.49655914
Bulgaria,1996,63.3,731621,17,Sunday,P,0,8300000,0,0.7,TRUE,0.49655914
Bulgaria,2006,42.62,1401101,51.900000000000006,Sunday,P,0,NA,0,0.708,TRUE,0.48512822
Bulgaria,2013,52.46,139064,3.8999999999999986,Sunday,L,0,NA,0,0.662,TRUE,0.4735532
Burkina Faso,1998,56.1,1845355,80.9,Sunday,P,0,11300000,0,0.485,FALSE,0.6963178
Cambodia,2013,68.4,289793,4.399999999999999,Sunday,L,0,NA,0,0.293,FALSE,0.5910045
Canada,1953,67.9,1001728,17.799999999999997,Monday,L,0,14003704,0,0.75,TRUE,0.4863312
Canada,1963,80.3,702176,8.900000000000006,Monday,L,0,18238247,0,0.816,TRUE,0.48610446
Canada,1993,69.6,3088707,22.599999999999998,Monday,L,0,27296859,0,0.825,TRUE,0.4940862
Canada,2000,61.2,1975102,15.299999999999997,Monday,L,0,28846761,0,0.836,TRUE,0.52538216
Canada,1972,76.7,334728,3.5,Monday,L,0,21568311,0,0.825,TRUE,0.48829287
Canada,1974,71,733441,7.800000000000004,Monday,L,0,21568311,0,0.82,TRUE,0.4897803
Canada,1980,69.3,1300920,11.799999999999997,Monday,L,0,22992604,0,0.825,TRUE,0.5025491
Canada,1979,75.8,482760,4.200000000000003,Tuesday,L,0,22992604,0,0.824,TRUE,0.4949074
Canada,1949,74.8,1161436,19.8,Monday,L,0,11823649,0,0.721,TRUE,0.49241185
Canada,1958,80.6,1460724,20,Monday,L,0,16073970,0,0.756,TRUE,0.49373794
Canada,1945,76.3,710583,13.5,Monday,L,0,11494627,0,0.654,TRUE,0.48550695
Canada,2015,68.3,1329304,7.59,Monday,L,0,33476688,0,0.813,TRUE,0.5294287
Canada,1965,75.9,599606,7.800000000000004,Monday,L,0,18238247,0,0.816,TRUE,0.4851517
Canada,1957,75,129647,2,Monday,L,0,16073970,0,0.755,TRUE,0.4891774
Canada,2004,60.9,962722,7.100000000000001,Monday,L,0,30007094,0,0.824,TRUE,0.52289890000000006
Canada,2008,58.8,1575884,11.389999999999997,Tuesday,L,0,31612897,0,0.829,TRUE,0.5274539
Canada,2006,64.7,894656,6.099999999999998,Monday,L,0,30007094,0,0.831,TRUE,0.5332416
Canada,1984,75.3,2762211,22,Tuesday,L,0,24343181,0,0.833,TRUE,0.4927321
Canada,2011,61.1,1323927,9,Monday,L,0,31612897,0,0.814,TRUE,0.5246289
Canada,1962,80.1,3748,0.09999999999999432,Monday,L,0,18238247,0,0.811,TRUE,0.4891457
Canada,1968,75.7,1142065,14.100000000000001,Tuesday,L,0,20014880,0,0.813,TRUE,0.4856083
Canada,1988,75.3,1462491,11.100000000000001,Monday,L,0,25309331,0,0.831,TRUE,0.4807544
Canada,1997,67,2481307,19.1,Monday,L,0,27296859,0,0.836,TRUE,0.5101734
Cape Verde,2001,58.95,12,0,Sunday,P,0,NA,0,0.764,TRUE,0.7003399
Cape Verde,2001,54.53,12274,8.950000000000003,Sunday,L,0,NA,0,0.764,TRUE,0.7003399
Cape Verde,2001,50.6,917,1,Sunday,P,0,NA,0,0.764,TRUE,0.7003399
Chad,2011,76,649790,23.400000000000002,Sunday,L,0,NA,0,0.284,FALSE,0.60938305
Chad,2011,64.2,2333631,82.7,Monday,P,0,NA,0,0.284,FALSE,0.60938305
Chile,2013,49.35,1427358,22,Sunday,P,0,NA,1,0.895,TRUE,0.7485991
Chile,2013,49.35,212339,3.349999999999998,Sunday,L,0,NA,1,0.895,TRUE,0.7485991
Chile,2009,87.66,346608,5.240000000000002,Sunday,L,1,NA,1,0.889,TRUE,0.73810893
Chile,2013,41.97,1358225,24.370000000000005,Sunday,P,0,NA,0,0.895,TRUE,0.7485991
Chile,2017,49,636677,9.200000000000003,Sunday,P,0,NA,0,0.891,TRUE,0.73230875
Chile,2001,87.1,384999,6.300000000000001,Sunday,L,1,15401952,0,0.88,TRUE,0.7225859
Chile,2009,87.67,1009103,14.46,Sunday,P,1,NA,1,0.889,TRUE,0.73810893
Chile,2006,87.1,485244,7,Sunday,P,1,NA,0,0.892,TRUE,0.73925054
Chile,2017,46.5,109732,1.8299999999999983,Sunday,L,0,NA,1,0.891,TRUE,0.73230875
Chile,2005,87.67,105400,1.5999999999999979,Sunday,L,1,NA,1,0.88,TRUE,0.73118097
Chile,2005,84,1416073,21,Sunday,P,1,15116435,1,0.88,TRUE,0.73118097
Chile,2017,46.7,920500,13.940000000000001,Sunday,P,0,NA,1,0.891,TRUE,0.73230875
Chile,2010,86.94,223392,3.219999999999999,Sunday,P,1,16601707,0,0.89,TRUE,0.74996984
Colombia,2018,53,2338891,13,Sunday,P,0,NA,0,0.672,TRUE,0.6604696
Colombia,2018,53.4,2718439,14,Sunday,P,0,NA,0,0.672,TRUE,0.6604696
Colombia,2018,48.97,89043,0.5999999999999979,Sunday,L,0,NA,0,0.672,TRUE,0.6604696
Colombia,2014,43.6,275693,1.92,Sunday,L,0,NA,0,0.671,TRUE,0.66392636
Colombia,2010,49.27,3667821,25.16,Sunday,P,0,NA,0,0.617,TRUE,0.68098015
Colombia,2014,40.09,458211,3.5600000000000023,Sunday,P,0,NA,0,0.671,TRUE,0.66392636
Colombia,2002,43.4,1657109,18.3,Sunday,L,0,43776000,0,0.539,TRUE,0.70580953
Colombia,2002,46.5,2347876,21.6,Sunday,P,0,43776000,0,0.539,TRUE,0.70580953
Colombia,2014,47.97,922341,6,Sunday,P,0,NA,0,0.671,TRUE,0.66392636
Colombia,2006,45.1,4784678,40.35,Sunday,P,0,NA,0,0.563,TRUE,0.68446803
Colombia,2010,44.32,5440968,41.66,Sunday,P,0,NA,0,0.617,TRUE,0.68098015
Colombia,2010,43.8,428975,4.5,Sunday,L,0,NA,0,0.617,TRUE,0.68098015
Colombia,2006,40.5,193051,2.1000000000000014,Sunday,L,0,NA,0,0.563,TRUE,0.68446803
Costa Rica,2018,66.2,28552,1.3000000000000007,Sunday,L,1,NA,1,0.894,TRUE,0.6714146
Costa Rica,2014,68.38,45562,2.1999999999999993,Sunday,L,1,NA,1,0.908,TRUE,0.6693534
Costa Rica,2018,66.4,462520,21.200000000000003,Sunday,P,1,NA,0,0.894,TRUE,0.6714146
Costa Rica,2018,65.7,72375,3,Sunday,P,1,NA,1,0.894,TRUE,0.6714146
Costa Rica,2014,68.2,19232,1,Sunday,P,1,NA,1,0.908,TRUE,0.6693534
Costa Rica,2014,56.5,955721,55.599999999999994,Sunday,P,1,NA,0,0.908,TRUE,0.6693534
Cote d'Ivoire,1995,56.2,1761485,92,Sunday,P,0,14791257,0,0.263,FALSE,0.57974035
Cote d'Ivoire,2015,52.9,2327449,74.4,Sunday,P,0,NA,0,0.477,FALSE,0.601207
Croatia,2005,51,637180,28,Sunday,P,0,4551000,0,0.77,TRUE,0.46381816
Croatia,2011,56.5,395403,46.800000000000004,Sunday,L,0,NA,0,0.854,TRUE,0.46920025
Croatia,2015,59.1,32435,1.4000000000000057,Sunday,P,0,NA,0,0.814,TRUE,0.46960104
Croatia,2014,47.1,22299,2,Sunday,P,0,NA,0,0.828,TRUE,0.4705878
Croatia,2007,59.6,131053,5.289999999999999,Sunday,L,0,NA,0,0.782,TRUE,0.47380573
Croatia,2000,60.9,345649,13.799999999999997,Monday,P,0,4460000,0,0.77,TRUE,0.45839778
Croatia,2005,51.04,702759,31.800000000000004,Sunday,P,0,4551000,0,0.77,TRUE,0.46381816
Croatia,2015,63.1,134127,5.699999999999996,Sunday,L,0,NA,0,0.814,TRUE,0.46960104
Croatia,2016,54.6,58302,3.1000000000000014,Sunday,L,0,NA,0,0.766,TRUE,0.46096304
Croatia,2000,76.5,456872,16.4,Monday,L,0,4460000,0,0.77,TRUE,0.45839778
Croatia,2000,63,358834,13,Monday,P,0,4460000,0,0.77,TRUE,0.45839778
Croatia,2003,66.8,239910,10.590000000000003,Sunday,L,0,4428000,0,0.77,TRUE,0.44136488
Croatia,2010,50.1,456163,20.599999999999994,Sunday,P,0,NA,0,0.844,TRUE,0.46026137
Cyprus,2008,90.84,30409,6.799999999999997,Sunday,P,1,NA,0,0.832,TRUE,0.46617338
Cyprus,2016,66.7,17621,5,Sunday,L,1,NA,0,0.846,TRUE,0.48338157
Cyprus,1996,92.94,5422,1.5,Sunday,L,1,656000,0,0.776,TRUE,0.47850457
Cyprus,2006,89,3502,0.8000000000000007,Sunday,L,1,784000,0,0.832,TRUE,0.44370973
Cyprus,2013,83.1,81836,19,Sunday,P,1,NA,0,0.845,TRUE,0.5311679
Cyprus,2013,81.6,61698,15,Sunday,P,1,NA,0,0.845,TRUE,0.5311679
Cyprus,2008,89.6,980,1,Sunday,P,1,NA,0,0.832,TRUE,0.46617338
Cyprus,2011,78.7,6511,1.6099999999999994,Sunday,L,1,NA,0,0.842,TRUE,0.49410275
Czech Republic,2006,64.42,163648,3.0600000000000023,Saturday,L,0,10259017,0,0.904,TRUE,0.3939476
Czech Republic,2018,61.92,615946,11.969999999999999,Saturday,P,0,NA,0,0.823,TRUE,0.38028407
Czech Republic,2013,59.1,476234,9.599999999999994,Saturday,P,0,NA,1,0.876,TRUE,0.37678963
Czech Republic,2013,61.31,41653,0.8100000000000023,Saturday,P,0,NA,0,0.876,TRUE,0.37678963
Czech Republic,1996,76.29,192310,3.16,Saturday,L,0,10315353,0,0.897,TRUE,0.38962883
Czech Republic,2017,60.8,953720,18.8,Saturday,L,0,NA,0,0.843,TRUE,0.38599017
Czech Republic,2013,59.5,89589,1.8000000000000007,Saturday,L,0,NA,1,0.876,TRUE,0.37678963
Czech Republic,2010,62.6,97475,1.870000000000001,Saturday,L,0,NA,0,0.889,TRUE,0.38794842
Czech Republic,2018,66.6,152184,2.799999999999997,Saturday,P,0,NA,0,0.823,TRUE,0.38028407
Czechoslovakia,1992,84.7,1164478,12.2,Saturday,L,0,15583197,0,0.888,TRUE,0.34684134
Denmark,2005,84.54,107287,3.1900000000000013,Tuesday,L,0,5411000,0,0.919,TRUE,0.40392575
Denmark,2011,87.74,68110,1.9200000000000017,Thursday,L,0,NA,0,0.922,TRUE,0.42088237
Denmark,2001,87.1,74535,2.120000000000001,Tuesday,L,0,5368000,0,0.907,TRUE,0.3966152
Denmark,2015,85.9,56558,1.6000000000000014,Thursday,L,0,NA,0,0.922,TRUE,0.43601495
Denmark,2007,86.59,27435,0.7900000000000027,Tuesday,L,0,5471000,0,0.92,TRUE,0.40198
Denmark,1990,85.9,693828,21,Wednesday,L,0,5135409,0,0.907,TRUE,0.38037896
Denmark,1981,83.3,575248,18.4,Tuesday,L,0,5119155,0,0.908,TRUE,0.37181488
Denmark,1998,85.95,405726,11.919999999999998,Wednesday,L,0,5294860,0,0.907,TRUE,0.39512664
Denmark,1988,85.7,350634,10.5,Tuesday,L,0,5129715,0,0.907,TRUE,0.3764754
Denmark,1984,88.4,274337,8.200000000000003,Tuesday,L,0,5112130,0,0.909,TRUE,0.38225314
Denmark,1994,84.25,374872,11.3,Wednesday,L,0,5215718,0,0.908,TRUE,0.38471726
Denmark,1987,86.7,285020,8.5,Tuesday,L,0,5130260,0,0.908,TRUE,0.37944716
Djibouti,2013,66.6,31119,25.9,Friday,L,0,NA,0,0.247,FALSE,0.62172806
Dominican Republic,2016,69.18937895079928,1227721,26.799999999999997,Sunday,P,0,NA,1,0.556,TRUE,0.67282635
Dominican Republic,2016,70.33,917224,21.36,Sunday,L,0,NA,1,0.556,TRUE,0.67282635
Ecuador,2009,75.3,1636069,23.8,Sunday,P,1,NA,1,0.621,TRUE,0.62862855
Ecuador,2017,81.65,1063940,11,Sunday,P,1,NA,1,0.559,TRUE,0.5871547
Ecuador,2017,81.7,19502084,19,Sunday,L,1,NA,1,0.559,TRUE,0.5871547
Ecuador,2002,71.2,490389,9.599999999999994,Sunday,P,1,12090000,0,0.699,TRUE,0.6826693
Ecuador,2006,84.2,828217,13.400000000000006,Sunday,P,1,NA,0,0.703,TRUE,0.6352759
Ecuador,2002,65,148509,4,Sunday,P,1,12090000,1,0.699,TRUE,0.6826693
Ecuador,2017,82.98,228629,2.319999999999993,Sunday,P,1,NA,0,0.559,TRUE,0.5871547
Ecuador,2013,81.07,2967380,34.49,Sunday,P,1,NA,1,0.545,TRUE,0.611602
Ecuador,2006,71.3,217918,4,Sunday,P,1,NA,1,0.703,TRUE,0.6352759
Ecuador,2009,75.7,17971711,28.000000000000004,Sunday,L,1,NA,1,0.621,TRUE,0.62862855
Ecuador,2006,59.4,288875,9.2,Sunday,L,1,NA,1,0.703,TRUE,0.6352759
Ecuador,2013,79.6,35923191,41,Sunday,L,1,NA,1,0.545,TRUE,0.611602
Ecuador,2002,64,162915,3.200000000000003,Sunday,L,1,12090000,1,0.699,TRUE,0.6826693
Egypt,2005,22.9,5776309,81.3,Wednesday,P,1,NA,0,0.207,FALSE,0.5852156
Egypt,2012,46.4,259625,1,Thursday,P,1,NA,0,0.298,FALSE,0.5771168
Egypt,2012,51.8,882801,3.4000000000000057,Sunday,P,1,NA,0,0.298,FALSE,0.5771168
Egypt,2014,47.5,23022603,93.80000000000001,Wednesday,P,1,NA,0,0.136,FALSE,0.5861903
Egypt,1993,84.2,14511558,92.6,Monday,P,1,59500000,0,0.212,FALSE,0.5436929
El Salvador,2009,52.8,89770,4.100000000000001,Sunday,L,0,NA,0,0.601,TRUE,0.6519598
El Salvador,2015,48.23,38085,1.6999999999999957,Sunday,L,0,NA,0,0.672,TRUE,0.6311292
El Salvador,2009,61.9,69412,3.4000000000000057,Sunday,P,0,NA,0,0.601,TRUE,0.6519598
El Salvador,2018,44.7,365109,17.200000000000003,Sunday,L,0,NA,0,0.641,TRUE,0.5999933
El Salvador,2006,54.22,1842,0.0899999999999963,Sunday,L,0,NA,0,0.566,TRUE,0.6529528
El Salvador,2004,67.33755915324795,501917,22.03,Sunday,P,0,NA,0,0.545,TRUE,0.6549468
El Salvador,2014,54,268176,10,Sunday,P,0,NA,0,0.671,TRUE,0.65665567
El Salvador,2003,39.54433176867658,28810,2.1000000000000014,Sunday,L,0,6600000,0,0.547,TRUE,0.65216583
El Salvador,2012,50.5,69532,3.0999999999999943,Sunday,L,0,NA,0,0.623,TRUE,0.6244913
El Salvador,2014,60.6,6364,1,Sunday,P,0,NA,0,0.671,TRUE,0.65665567
Estonia,2011,63.53,30131,5.239999999999998,Sunday,L,0,NA,0,0.879,TRUE,0.5001744
Estonia,2003,58.24,3853,0.7799999999999976,Monday,L,0,1356000,0,0.868,TRUE,0.56942755
Estonia,1999,57.43,35461,7.32,Sunday,L,0,1376000,0,0.866,TRUE,0.53753275
Estonia,2007,61,9526,1.740000000000002,Sunday,L,0,NA,0,0.871,TRUE,0.51896495
Estonia,2015,64.2,16511,2.8999999999999986,Sunday,L,0,NA,0,0.893,TRUE,0.4941224
Ethiopia,1995,93.6,13060164,65.80000000000001,Sunday,L,0,56677100,0,0.221,FALSE,0.66504824
Ethiopia,2005,82.6,598059,3,Sunday,L,0,NA,0,0.255,FALSE,0.5298221
Finland,1999,65.27,12371,0.46000000000000085,Sunday,L,0,5159646,0,0.868,TRUE,0.4257068
Finland,2000,76.83,103729,3.260000000000005,Sunday,P,0,5171302,0,0.868,TRUE,0.43779388
Finland,2003,66.71,6168,0.22000000000000242,Sunday,L,0,5206295,0,0.872,TRUE,0.42335913
Finland,2012,72.8,556979,18,Sunday,P,0,NA,0,0.884,TRUE,0.4345916
Finland,1983,75.7,136875,4.599999999999998,Monday,L,0,4841715,0,0.844,TRUE,0.3909161
Finland,2015,70.1,86006,2.900000000000002,Sunday,L,0,NA,0,0.866,TRUE,0.4422168
Finland,1994,78.68,247191,7.719999999999999,Sunday,P,0,5077912,0,0.871,TRUE,0.39388108
Finland,1994,78.4,7577827,4,Sunday,P,0,5077912,0,0.871,TRUE,0.39388108
Finland,1987,72.1,29095,1,Monday,L,0,4925644,0,0.846,TRUE,0.3889682
Finland,2012,68.9,724903,25.180000000000007,Sunday,P,0,NA,0,0.884,TRUE,0.4345916
Finland,2000,73.6,173272,6,Sunday,P,0,5171302,0,0.868,TRUE,0.43779388
Finland,2007,65.02,23587,0.8499999999999979,Sunday,L,0,NA,0,0.88,TRUE,0.43236932
Finland,1995,68.58,233634,8.45,Sunday,L,0,5098754,0,0.87,TRUE,0.40478957
Finland,1988,78.2,876859,28.299999999999997,Monday,P,0,4938602,0,0.845,TRUE,0.3928649
Finland,2006,74,112647,3.5999999999999943,Sunday,P,0,5255580,0,0.88,TRUE,0.43382573
Finland,2006,70.8,671164,22,Sunday,P,0,5255580,0,0.88,TRUE,0.43382573
Finland,2011,70.47,37320,1.2999999999999972,Sunday,L,0,NA,0,0.882,TRUE,0.44008818
Finland,1982,81.3,777043,24.400000000000002,Monday,P,0,4812150,0,0.845,TRUE,0.38838205
Finland,1991,68.39,73637,2.6799999999999997,Sunday,L,0,4998478,0,0.862,TRUE,0.35972145
France,1968,77.8,2881168,20,Sunday,L,0,49920000,0,0.782,TRUE,0.4841035
France,1997,71.5,3990691,16,Sunday,L,0,58607000,0,0.877,TRUE,0.44915327
France,1988,84.1,2485309,8,Tuesday,P,0,56160000,0,0.877,TRUE,0.4543578
France,2007,83.97,2192698,6.200000000000003,Sunday,P,0,60873000,0,0.88,TRUE,0.44989803
France,1958,77.2,190224,0.8999999999999986,Sunday,L,0,44584000,0,0.761,TRUE,0.48420402
France,2017,74.56,10104653,32.199999999999996,Sunday,P,0,NA,0,0.893,TRUE,0.4227948
France,1965,84.7,3134520,12,Sunday,P,0,48922000,0,0.773,TRUE,0.50779146
France,2012,79.48,519076,1.4499999999999993,Sunday,P,0,NA,0,0.893,TRUE,0.43509713
France,2007,83.8,1948551,5,Sunday,P,0,60873000,0,0.88,TRUE,0.44989803
France,1988,66.1,3767690,15.7,Sunday,L,0,NA,0,0.877,TRUE,0.4543578
France,2007,60,835849,4,Sunday,L,0,NA,0,0.88,TRUE,0.44989803
France,1973,81.3,621065,2.6000000000000014,Sunday,L,0,52134000,0,0.843,TRUE,0.46953276
France,1995,78.4,749411,2,Sunday,P,0,58143000,0,0.874,TRUE,0.4483961
France,2017,48.7,2817842,12.399999999999999,Sunday,L,0,NA,0,0.893,TRUE,0.4227948
France,1988,81.4,4306172,14,Sunday,P,0,56160000,0,0.877,TRUE,0.4543578
France,2012,55.4,679801,3,Sunday,L,0,NA,0,0.893,TRUE,0.43509713
France,1967,79.8,2948781,16,Sunday,L,0,49866000,0,0.783,TRUE,0.49839348
France,1951,80.2,931113,4.799999999999997,Sunday,L,0,42239000,0,0.758,TRUE,0.47194183
France,1986,78.5,2754708,10,Sunday,L,0,55392000,0,0.872,TRUE,0.4420509
France,1995,79.7,1582383,5.200000000000003,Sunday,P,0,58143000,0,0.874,TRUE,0.4483961
France,1973,81.8,2021670,10,Sunday,L,0,52134000,0,0.843,TRUE,0.46953276
France,1962,68.7,1866664,10.200000000000003,Sunday,L,0,46998000,0,0.752,TRUE,0.49595323
France,1969,77.6,4783165,22,Sunday,P,0,50320000,0,0.811,TRUE,0.47421297
France,2017,77.77,977855,2.710000000000001,Sunday,P,0,NA,0,0.893,TRUE,0.4227948
France,1981,75,4553397,25,Sunday,L,0,53714000,0,0.865,TRUE,0.4246952
France,1968,79.9,3820910,17.199999999999996,Sunday,L,0,49920000,0,0.782,TRUE,0.4841035
France,1946,78.1,430981,2.3000000000000007,Sunday,L,0,40600000,0,0.367,FALSE,0.46798337
France,2002,64.4,2321424,9.199999999999996,Sunday,L,0,NA,0,0.877,TRUE,0.44216782
France,1993,67.7,493080,3,Sunday,L,0,57379000,0,0.877,TRUE,0.44526708
France,2002,60.3,2547500,12,Sunday,L,0,NA,0,0.877,TRUE,0.44216782
France,1969,65.5,3121253,16.400000000000006,Sunday,P,0,50320000,0,0.811,TRUE,0.47421297
France,1981,81.1,716472,2,Sunday,P,0,53714000,0,0.865,TRUE,0.4246952
France,2002,71.5,861142,3,Wednesday,P,0,59486000,0,0.877,TRUE,0.44216782
France,2012,80.3,1139983,3.280000000000001,Sunday,P,0,NA,0,0.893,TRUE,0.43509713
France,1988,70.2,4475367,23,Sunday,L,0,NA,0,0.877,TRUE,0.4543578
France,1993,69.5,301483,1.1000000000000014,Sunday,L,0,57379000,0,0.877,TRUE,0.44526708
France,1974,87.3,424599,1.5999999999999943,Sunday,P,0,52507000,0,0.847,TRUE,0.46480232
France,1956,82.6,2256621,10.5,Monday,L,0,43648000,0,0.749,TRUE,0.48409042
France,1981,85.9,1065956,3.5999999999999943,Sunday,P,0,53714000,0,0.865,TRUE,0.4246952
France,2007,60.4,3853217,14.8,Sunday,L,0,NA,0,0.88,TRUE,0.44989803
France,1958,76.3,1373568,7,Sunday,L,0,44584000,0,0.761,TRUE,0.48420402
France,1978,83.2,70092,0.3000000000000007,Sunday,L,0,53278000,0,0.857,TRUE,0.42994228
France,1945,79.8,224998,1.2000000000000028,Sunday,L,0,39100000,0,0.21,FALSE,0.43322232
France,1967,81.1,1983463,8.899999999999999,Sunday,L,0,49866000,0,0.783,TRUE,0.49839348
France,1997,68.5,2078361,8.3,Sunday,L,0,58607000,0,0.877,TRUE,0.44915327
France,1962,72,2907335,19,Sunday,L,0,46998000,0,0.752,TRUE,0.49595323
France,2017,42.6,3786042,20.830000000000002,Sunday,L,0,NA,0,0.893,TRUE,0.4227948
France,1974,84.2,2717599,10,Sunday,P,0,52507000,0,0.847,TRUE,0.46480232
France,1978,84.9,556937,2,Sunday,L,0,53278000,0,0.857,TRUE,0.42994228
France,2002,79.7,20012924,64.4,Wednesday,P,0,59486000,0,0.877,TRUE,0.44216782
France,1965,84.3,2463964,10.400000000000006,Sunday,P,0,48922000,0,0.773,TRUE,0.50779146
France,2012,57.2,581058,2.299999999999997,Sunday,L,0,NA,0,0.893,TRUE,0.43509713
France,1981,70.9,3806710,15.3,Sunday,L,0,53714000,0,0.865,TRUE,0.4246952
Gabon,2005,63.5,228046,65.60000000000001,Sunday,P,1,NA,0,0.349,FALSE,0.613757
Georgia,2008,53.9,735569,41.5,Wednesday,L,0,NA,0,0.495,FALSE,0.5833536
Georgia,2008,56,531455,28.2,Saturday,P,0,NA,0,0.495,FALSE,0.5833536
Georgia,2018,56.4,367021,19,Wednesday,P,0,NA,0,0.68,TRUE,0.5922428
Georgia,2012,61.3,314430,14.700000000000003,Monday,L,0,NA,0,0.518,TRUE,0.57596177
Georgia,2003,60.1,47276,2.5,Sunday,L,0,NA,0,0.381,FALSE,0.5618858
Georgia,1999,67.9,353618,17.7,Sunday,L,0,5006000,0,0.375,FALSE,0.59028
Georgia,2004,82.8,1658860,94.1,Sunday,P,0,NA,0,0.557,TRUE,0.55776167
Georgia,2004,64.8,651671,42.89999999999999,Sunday,L,0,NA,0,0.557,TRUE,0.55776167
Georgia,2013,47,658466,40.400000000000006,Sunday,P,0,NA,0,0.619,TRUE,0.61086494
Georgia,2000,75.9,1479825,64.9,Sunday,P,0,4968000,0,0.371,FALSE,0.5918594
Georgia,2016,51.9,379585,21.6,Saturday,L,0,NA,0,0.697,TRUE,0.59328896
Germany,1998,82.2,6176361,12.5,Sunday,L,0,82037000,0,0.9,TRUE,0.4375131
Germany,2009,70.78,1837789,4.300000000000001,Sunday,L,0,NA,0,0.901,TRUE,0.48488984
Germany,2013,71.5,3669662,8.400000000000002,Sunday,L,0,NA,0,0.895,TRUE,0.4959816
Germany,2017,76.2,2908275,6.300000000000001,Sunday,L,0,NA,0,0.888,TRUE,0.49262053
Germany,2002,79.08,4321107,9.020000000000003,Sunday,L,0,82537000,0,0.901,TRUE,0.44369
Germany,1990,77.8,1509750,3.200000000000003,Sunday,L,0,79753000,0,0.896,TRUE,0.4371463
Germany,1994,78.97,1050394,0.00999999999999801,Thursday,L,0,81539000,0,0.898,TRUE,0.41127238
Ghana,2012,74.68,121191,1.0600000000000023,Saturday,L,0,NA,1,0.773,TRUE,0.6026791
Ghana,2016,69.2,1100757,10.5,Wednesday,L,0,NA,1,0.727,TRUE,0.6078388
Ghana,2012,79.43,325863,3,Saturday,P,0,NA,1,0.773,TRUE,0.6026791
Ghana,2016,68.6,1002749,9.899999999999999,Wednesday,P,0,NA,1,0.727,TRUE,0.6078388
Greece,1989,80.32,335970,5.149999999999999,Sunday,L,1,9666000,0,0.865,TRUE,0.47341517
Greece,1981,81.5,691813,12.200000000000003,Monday,L,1,9740417,0,0.831,TRUE,0.5051106
Greece,1990,79.24,545095,8.299999999999997,Sunday,L,1,9666000,0,0.877,TRUE,0.47931394
Greece,1985,80.2,317054,5,Monday,L,1,9666000,0,0.855,TRUE,0.48990205
Greece,2012,65.12,131175,2.0500000000000007,Sunday,L,1,NA,0,0.893,TRUE,0.45653707
Greece,2004,76.6,356436,4.899999999999999,Sunday,L,1,10964000,0,0.884,TRUE,0.49958086
Greece,2012,62.49,130789,2.0700000000000003,Sunday,L,1,NA,0,0.893,TRUE,0.45653707
Greece,2015,63.9,527284,8.530000000000005,Sunday,L,1,NA,0,0.868,TRUE,0.48346427
Greece,1996,76.3,228690,3.3999999999999986,Sunday,L,1,10260000,0,0.88,TRUE,0.502184
Greece,2009,70.9,716823,10.43,Sunday,L,1,NA,0,0.894,TRUE,0.4510699
Greece,1993,79.22,523280,7.800000000000004,Sunday,L,1,9666000,0,0.877,TRUE,0.4820537
Greece,2000,74.97,73133,1.0999999999999943,Saturday,L,1,10260000,0,0.881,TRUE,0.5427725
Greece,2015,56.16,400126,7.359999999999999,Sunday,L,1,NA,0,0.868,TRUE,0.48346427
Greece,2007,74.2,267700,3.740000000000002,Sunday,L,1,NA,0,0.888,TRUE,0.48274904
Greece,1989,80.7,369145,5.5,Sunday,L,1,9666000,0,0.865,TRUE,0.47341517
Guinea,2002,71.6,1105048,35,Sunday,L,0,NA,0,0.271,FALSE,0.6240499
Guinea,2003,82,3727429,92.25999999999999,Sunday,P,0,NA,0,0.275,FALSE,0.61555976
Hungary,2002,70.5,59977,1.1000000000000014,Sunday,L,0,10174853,0,0.852,TRUE,0.40557036
Hungary,2014,61.4,889495,18.5,Sunday,L,0,NA,0,0.666,TRUE,0.42455274
Hungary,1994,68.9,683315,12.7,Sunday,L,0,10276968,0,0.85,TRUE,0.35437796
Hungary,2006,67.8,63726,1.2000000000000028,Sunday,L,0,10076581,0,0.831,TRUE,0.4324642
Hungary,2006,67.8,93929,1.7000000000000028,Sunday,L,0,10076581,0,0.831,TRUE,0.4324642
Hungary,1985,93.85,6556983,97.7,Saturday,L,1,10657000,0,0.143,FALSE,0.21130231
Hungary,1998,56.3,182575,4.0000000000000036,Sunday,L,0,10135358,0,0.846,TRUE,0.35556024
Hungary,2010,64.4,1715864,33.400000000000006,Sunday,L,0,NA,0,0.805,TRUE,0.427564
Hungary,1990,65.1,163380,3.3000000000000007,Sunday,L,0,10374823,0,0.807,TRUE,0.2973123
Hungary,1980,97,7408523,98.6,Sunday,L,1,10709463,0,0.135,FALSE,0.24731606
Hungary,1994,68.9,715802,13.3,Sunday,L,0,10276968,0,0.85,TRUE,0.35437796
Hungary,1998,56.3,757990,16.9,Sunday,L,0,10135358,0,0.846,TRUE,0.35556024
Hungary,1990,65,103826,2.099999999999998,Saturday,L,0,10374823,0,0.807,TRUE,0.2973123
Hungary,2018,69.7,1731745,30.199999999999996,Sunday,L,0,NA,0,0.483,FALSE,0.4267738
Iceland,2016,75.7,20361,11,Saturday,P,0,NA,0,0.865,TRUE,0.39532265
Iceland,1980,90.5,1911,1.5,Sunday,P,0,229187,0,0.853,TRUE,0.41767752
Iceland,2003,87.74,5001,2.700000000000003,Saturday,L,0,290501,0,0.874,TRUE,0.43534663
Iceland,2012,69.3,31241,19.5,Saturday,P,0,NA,0,0.88,TRUE,0.3838189
Iceland,1987,90.1,12588,8.3,Saturday,L,0,247357,0,0.866,TRUE,0.41767752
Iceland,2016,79.2,27526,14.5,Saturday,L,0,NA,0,0.865,TRUE,0.39532265
Iceland,1983,88.3,25497,20.160000000000004,Saturday,L,0,238175,0,0.852,TRUE,0.41767752
Iceland,1996,85.94,19507,11.799999999999997,Saturday,P,0,269727,0,0.874,TRUE,0.41864824
Iceland,1995,87.4,22698,13.8,Saturday,L,0,267806,0,0.868,TRUE,0.41676208
Iceland,2004,62.92,77412,73.1,Saturday,P,0,293291,0,0.874,TRUE,0.42119253
Iceland,2013,81.5,4290,2.2699999999999996,Saturday,L,0,NA,0,0.865,TRUE,0.40135428
Iceland,1991,87.62,30970,19.700000000000003,Saturday,L,0,259577,0,0.866,TRUE,0.41737854
Iceland,2009,85.14,11387,6.09,Saturday,L,0,NA,0,0.889,TRUE,0.38418692
Iceland,2007,83.62,18011,9.8,Saturday,L,0,NA,0,0.88,TRUE,0.45360717
Iceland,1999,84.11,23135,13.900000000000002,Saturday,L,0,278717,0,0.874,TRUE,0.42567882
Iceland,1988,72.8,110580,89.19999999999999,Saturday,P,0,251690,0,0.866,TRUE,0.41767752
India,1980,57,46961979,23.700000000000003,Sunday,L,0,663600000,0,0.66,TRUE,0.44047666
India,1962,55.4,38759271,33.6,Wednesday,L,0,453200000,0,0.656,TRUE,0.48296314
India,1971,55.3,48761195,33.300000000000004,Saturday,L,0,548200000,0,0.625,TRUE,0.46165028
India,1977,60.5,12851239,6.799999999999997,Sunday,L,0,581900000,0,0.509,TRUE,0.46043792
India,1957,47.7,34252355,28.4,Sunday,L,0,392400000,0,0.668,TRUE,0.50155526
India,1991,56.7,45192469,16.4,Saturday,L,0,846300000,0,0.717,TRUE,0.4648037
India,1952,45.7,30309191,28.7,Thursday,L,0,367500000,0,0.598,TRUE,0.48691612
India,1984,64.1,99558607,39.9,Friday,L,0,735600000,0,0.659,TRUE,0.45762724
India,1989,62,65766416,21.8,Sunday,L,0,817500000,0,0.668,TRUE,0.47546366
India,1996,57.9,28504642,8.5,Tuesday,L,0,934200000,0,0.744,TRUE,0.49377882
India,1967,61.3,39444392,27.099999999999998,Tuesday,L,0,511100000,0,0.66,TRUE,0.47286573
Indonesia,2004,73.7,24275646,21.239999999999995,Monday,P,0,NA,0,0.689,TRUE,0.530867
Indonesia,2004,76.5,8269080,7,Monday,P,0,NA,0,0.689,TRUE,0.530867
Indonesia,1999,93,11947315,11.299999999999997,Monday,L,0,NA,0,0.565,TRUE,0.50178367
Indonesia,2009,70.99,6623798,6.400000000000002,Thursday,L,0,NA,0,0.688,TRUE,0.5986198
Indonesia,2014,69.6,8421389,6,Wednesday,P,0,NA,0,0.663,TRUE,0.5549629
Indonesia,1997,90.6,58847879,52.1,Thursday,L,0,169286600,0,0.199,FALSE,0.55643
Indonesia,1992,90.9,49974779,51.099999999999994,Tuesday,L,0,177447600,0,0.191,FALSE,0.57726866
Indonesia,2004,84.07,3454128,3.049999999999997,Monday,L,0,NA,0,0.689,TRUE,0.530867
Indonesia,1987,91.3,49082252,57.2,Thursday,L,0,162921900,0,0.19,FALSE,0.55968696
Indonesia,2009,82.5,41326457,34,Wednesday,P,0,NA,0,0.688,TRUE,0.5986198
Indonesia,2014,75.1,5249159,4.1,Wednesday,L,0,NA,0,0.663,TRUE,0.5549629
Iran,2005,62.84,469299,1.6000000000000014,Friday,P,0,NA,0,0.188,FALSE,0.6273646
Iran,2017,73.33,7763167,18.86,Friday,P,0,NA,0,0.213,FALSE,0.6006992
Iran,2005,59.76,8037929,23.400000000000006,Friday,P,0,NA,0,0.188,FALSE,0.6273646
Iran,2009,85.21,11254672,28.9,Friday,P,0,NA,0,0.166,FALSE,0.60782254
Ireland,1997,65.92,203746,11.379999999999999,Friday,L,0,3675000,0,0.88,TRUE,0.42966622
Ireland,2018,43.9,479839,32.5,Friday,P,0,NA,0,0.886,TRUE,0.4715126
Ireland,2007,67.03,294137,14.3,Thursday,L,0,NA,0,0.893,TRUE,0.4811033
Ireland,2016,65.09,24784,1.1999999999999993,Friday,L,0,NA,0,0.888,TRUE,0.47861117
Ireland,1997,46.71,202422,15.940000000000001,Thursday,P,0,3675000,0,0.88,TRUE,0.42966622
Ireland,1989,68.5,251613,15.189999999999998,Thursday,L,0,3534000,0,0.849,TRUE,0.4132075
Ireland,1982,72.86,101029,5.980000000000004,Wednesday,L,0,3463000,0,0.837,TRUE,0.42640334
Ireland,2011,56.1,196137,11.07,Friday,P,0,NA,0,0.896,TRUE,0.44273356
Ireland,1990,64.1,82219,5.219999999999999,Sunday,P,0,3531000,0,0.861,TRUE,0.41782615
Ireland,1992,68.49,252544,14.64,Wednesday,L,0,3546000,0,0.875,TRUE,0.42850477
Ireland,1987,73.3,303420,17.03,Tuesday,L,0,3538000,0,0.848,TRUE,0.4229344
Ireland,1982,73.8,165863,10,Thursday,L,0,3463000,0,0.837,TRUE,0.42640334
Ireland,1981,76.22,151240,8.799999999999997,Thursday,L,0,3443405,0,0.837,TRUE,0.4099259
Ireland,2011,69.9,369832,16.650000000000002,Friday,L,0,NA,0,0.896,TRUE,0.44273356
Ireland,2002,62.57,353129,18.999999999999996,Friday,L,0,3917000,0,0.887,TRUE,0.45263496
Israel,2006,63.2,218535,6.9,Tuesday,L,0,NA,0,0.762,TRUE,0.62276816
Israel,2009,65.2,28978,0.8999999999999986,Tuesday,L,0,NA,0,0.76,TRUE,0.62538487
Israel,1992,77.4,255581,9.800000000000004,Tuesday,L,0,5195900,0,0.763,TRUE,0.5958939
Israel,2013,66.6,341705,9,Tuesday,L,0,NA,0,0.735,TRUE,0.6087858
Israel,2015,71.8,199083,4.600000000000001,Tuesday,L,0,NA,0,0.728,TRUE,0.5966268
Israel,2001,62.3,674133,24.799999999999997,Thursday,P,0,6364000,0,0.764,TRUE,0.61012024
Italy,1992,87.29,5319607,13.549999999999997,Sunday,L,1,56772000,0,0.838,TRUE,0.46257406
Italy,2008,80.5,1534158,4.200000000000003,Monday,L,0,NA,0,0.857,TRUE,0.4826407
Italy,1983,89,1120763,3.039999999999999,Monday,L,1,56742000,0,0.81,TRUE,0.40528157
Italy,2001,81.3,4775522,12.899999999999999,Sunday,L,0,56960000,0,0.835,TRUE,0.508375
Italy,1994,86.14,263677,0.6000000000000014,Sunday,L,0,56832000,0,0.836,TRUE,0.47231284
Italy,2006,83.6,2882007,7.550000000000001,Sunday,L,0,58751000,0,0.858,TRUE,0.4951954
Italy,1987,88.8,2986597,7.699999999999996,Sunday,L,1,57290000,0,0.824,TRUE,0.44241676
Italy,1996,82.91,181702,0.5,Sunday,L,0,56844000,0,0.84,TRUE,0.48784357
Italy,2013,75.2,45372,0.09999999999999787,Monday,L,0,NA,0,0.866,TRUE,0.5059193
Japan,1993,67.3,13238402,21.099999999999998,Sunday,L,0,124938000,0,0.841,TRUE,0.4787799
Japan,1983,67.9,15387487,27.1,Sunday,L,0,119536000,0,0.841,TRUE,0.47126663
Japan,1986,71.4,19507350,32.3,Sunday,L,0,121660000,0,0.839,TRUE,0.48924604
Japan,2005,67.46,4851373,7.16,Sunday,L,0,NA,0,0.844,TRUE,0.5540969
Japan,2003,59.8,1435421,2.5,Sunday,L,0,NA,0,0.843,TRUE,0.54464453
Japan,1996,59.6,2625902,10.600000000000001,Sunday,L,0,125864000,0,0.841,TRUE,0.5024501
Japan,2000,62.5,1875435,13.399999999999999,Sunday,L,0,126770000,0,0.842,TRUE,0.51961315
Japan,1990,73.3,14765104,22.400000000000002,Sunday,L,0,123611167,0,0.841,TRUE,0.51766413
Kazakhstan,2011,89.99,7691922,93.69999999999999,Sunday,P,0,NA,0,0.235,FALSE,0.5142907
Kazakhstan,2005,76.78,5701583,84.60000000000001,Sunday,P,0,NA,0,0.241,FALSE,0.53791237
Kazakhstan,2012,75.4,5103031,73.5,Sunday,L,0,NA,0,0.236,FALSE,0.51865214
Kazakhstan,2004,56.48,2311034,48.57,Sunday,L,0,NA,0,0.246,FALSE,0.5114337
Kazakhstan,2016,77.12,6032472,80.19,Sunday,L,0,NA,0,0.245,FALSE,0.5251312
Kazakhstan,2007,68.41,4978410,83.9,Saturday,L,0,NA,0,0.243,FALSE,0.523371
Kazakhstan,2015,95.2,8687494,96.2,Sunday,P,0,NA,0,0.239,FALSE,0.4815769
Kenya,1997,47.2,589123,9.5,Monday,P,0,30522000,1,0.336,FALSE,0.6436547
Kenya,1992,69.4,209444,3.8999999999999986,Tuesday,L,0,25669000,1,0.29,FALSE,0.7440922
Kenya,1992,66.2,572789,10.8,Tuesday,P,0,25669000,1,0.29,FALSE,0.7440922
South Korea,2002,70.83132320396746,570980,2.299999999999997,Thursday,P,0,NA,0,0.845,TRUE,0.44297278
South Korea,2012,54.2,1353489,6.299999999999997,Wednesday,L,0,NA,0,0.762,TRUE,0.44372672
South Korea,2004,60,532164,2.5,Thursday,L,0,NA,0,0.847,TRUE,0.44297278
South Korea,1992,81.9,1936048,8.200000000000003,Friday,P,0,43748000,0,0.671,TRUE,0.44297278
South Korea,2008,46,2108543,12.299999999999997,Wednesday,L,0,NA,0,0.772,TRUE,0.45855996
South Korea,1997,80.7,390557,1.5999999999999943,Thursday,P,0,45545000,0,0.755,TRUE,0.44297278
South Korea,1988,75.8,1995319,10.2,Tuesday,L,0,42031000,0,0.636,TRUE,0.44297278
South Korea,2007,63,5314043,22.500000000000004,Wednesday,P,0,NA,0,0.846,TRUE,0.4464756
South Korea,2012,75.8,1080496,3.6000000000000014,Wednesday,P,0,NA,0,0.762,TRUE,0.44372672
South Korea,2016,58,1823729,7.699999999999999,Wednesday,L,0,NA,0,0.733,TRUE,0.45755702
South Korea,1987,89.2,1945157,8.399999999999999,Wednesday,P,0,41622000,0,0.389,FALSE,0.44297278
South Korea,1996,63.9,1811769,9.2,Friday,L,0,45545000,0,0.749,TRUE,0.44297278
South Korea,1981,77.7,2280795,14,Wednesday,L,0,38723000,0,0.214,FALSE,0.44297278
South Korea,1985,84.6,1196984,5.900000000000002,Tuesday,L,0,40806000,0,0.308,FALSE,0.44297278
South Korea,2000,57.2,584734,3.1000000000000014,Thursday,L,0,47388015,0,0.842,TRUE,0.44297278
South Korea,1992,69.7,1919142,9.3,Wednesday,L,0,43748000,0,0.671,TRUE,0.44297278
Kosovo,2010,45.6,70839,9.899999999999999,Sunday,L,0,NA,0,0.505,TRUE,0.50023514
Kosovo,2014,42.6,37585,5.199999999999999,Sunday,L,0,NA,0,0.55,TRUE,0.47581667
Kosovo,2004,49.52,114325,16.57,Sunday,L,0,NA,0,0.515,TRUE,0.48619464
Kosovo,2007,40.1,66797,11.690000000000001,Saturday,L,0,NA,0,0.504,TRUE,0.48326045
Kyrgyzstan,2007,86.3,1087285,41.870000000000005,Sunday,L,0,NA,0,0.323,FALSE,0.5277132
Kyrgyzstan,2000,78.4,1187774,62.2,Sunday,P,0,4823000,0,0.285,FALSE,0.49175483
Kyrgyzstan,2011,56.59,900910,48.400000000000006,Sunday,P,0,NA,0,0.484,FALSE,0.49406922
Kyrgyzstan,2005,74,1697455,84.78999999999999,Sunday,P,0,NA,0,0.322,FALSE,0.53972596
Kyrgyzstan,2009,86,1576876,68.49,Thursday,P,0,NA,0,0.304,FALSE,0.51977074
Kyrgyzstan,2000,64.4,148350,9.5,Sunday,L,0,4823000,0,0.285,FALSE,0.49175483
Kyrgyzstan,2015,59,115853,7.270000000000003,Sunday,L,0,NA,0,0.462,FALSE,0.49669924
Kyrgyzstan,2017,55.9,355664,21,Sunday,P,0,NA,0,0.447,FALSE,0.50301015
Latvia,2011,61.4,69109,7.600000000000001,Saturday,L,0,NA,0,0.806,TRUE,0.49344924
Latvia,2018,54.58,46853,5.5,Saturday,L,0,NA,0,0.825,TRUE,0.49364462
Latvia,2002,77,48364,4.890000000000001,Saturday,L,0,2345800,0,0.809,TRUE,0.50535065
Latvia,1995,72.6,2434,0.25,Sunday,L,0,2529500,0,0.801,TRUE,0.4606867
Latvia,2010,64.72,50027,5.18,Saturday,L,0,NA,0,0.781,TRUE,0.48447058
Latvia,2014,58.9,10350,1.1000000000000014,Saturday,L,0,NA,0,0.829,TRUE,0.49318057
Latvia,1998,71,30165,3.1999999999999993,Saturday,L,0,2419200,0,0.812,TRUE,0.49525943
Latvia,2006,60.98,25886,2.8999999999999986,Saturday,L,0,2286100,0,0.805,TRUE,0.49758178
Lesotho,1993,72.3,277669,52.099999999999994,Monday,L,0,1700000,0,0.503,TRUE,0.74903446
Lesotho,2017,46.85,85557,14.700000000000003,Saturday,L,0,NA,0,0.509,TRUE,0.61887544
Lesotho,2002,72.3,180082,32.5,Saturday,L,0,NA,0,0.503,TRUE,0.6688207
Lithuania,1998,73.7,14256,0.7999999999999972,Sunday,P,0,3562300,0,0.829,TRUE,0.4498586
Lithuania,2004,46.08,93183,7.699999999999999,Sunday,L,0,3445900,0,0.827,TRUE,0.4889944
Lithuania,2004,48.4,123156,10,Sunday,P,0,3445900,0,0.827,TRUE,0.4889944
Lithuania,2004,52.46,72867,5.299999999999997,Sunday,P,0,3445900,0,0.827,TRUE,0.4889944
Lithuania,2002,52.7,133899,9.420000000000002,Sunday,P,0,3462500,0,0.823,TRUE,0.4579924
Lithuania,2002,53.9,229595,16,Sunday,P,0,3475600,0,0.823,TRUE,0.4579924
Lithuania,2012,52.9,19910,1.4499999999999993,Sunday,L,0,NA,0,0.845,TRUE,0.49325883
Lithuania,2009,51.76,787742,57.27,Sunday,P,0,NA,0,0.849,TRUE,0.497198
Lithuania,2016,50.6,2167,0.1999999999999993,Sunday,L,0,NA,0,0.829,TRUE,0.5023889
Lithuania,1996,52.9,273326,20.9,Sunday,L,0,3615200,0,0.83,TRUE,0.46780512
Lithuania,2000,58.6,168399,11.5,Sunday,L,0,3512100,0,0.826,TRUE,0.46243274
Lithuania,2014,47.4,215785,17.799999999999997,Sunday,P,0,NA,0,0.836,TRUE,0.5346486
Lithuania,2008,48.59,57194,4.629999999999999,Sunday,L,0,NA,0,0.829,TRUE,0.49679482
Lithuania,1997,71.5,322021,17,Sunday,P,0,35888000,0,0.831,TRUE,0.4538566
Lithuania,2016,37.99,65503,7.440000000000001,Sunday,L,0,NA,0,0.829,TRUE,0.5023889
Lithuania,2014,52.2,430826,32,Sunday,P,0,NA,0,0.836,TRUE,0.5346486
Luxembourg,2009,90.81,433538,16.48,Sunday,L,1,NA,0,0.88,TRUE,0.4758921
Luxembourg,2004,91.9,320140,12.739999999999998,Sunday,L,1,455000,0,0.876,TRUE,0.5157553
Luxembourg,2013,91.1,439050,13.400000000000002,Sunday,L,1,NA,0,0.882,TRUE,0.47567743
Luxembourg,1994,88.3,90111,4.919999999999998,Sunday,L,1,405650,0,0.875,TRUE,0.45579773
North Macedonia,1999,65.1,124508,12,Sunday,P,0,2021000,0,0.566,TRUE,0.47310278
North Macedonia,1998,69.4,99808,13,Sunday,L,0,2010000,0,0.514,TRUE,0.47606966
North Macedonia,2014,62.96,197660,18.3,Sunday,L,0,NA,1,0.445,FALSE,0.4584196
North Macedonia,2016,66.79,17596,1.3999999999999986,Sunday,L,0,NA,0,0.45,FALSE,0.451031
North Macedonia,1999,69.06,69194,6.219999999999999,Sunday,P,0,2021000,0,0.566,TRUE,0.47310278
North Macedonia,2011,63.48,72020,6.409999999999997,Sunday,L,0,NA,0,0.477,FALSE,0.48904788
North Macedonia,2014,54.6,136833,14.599999999999994,Sunday,P,0,NA,1,0.445,FALSE,0.4584196
North Macedonia,2014,49.1,123278,14,Sunday,P,0,NA,0,0.445,FALSE,0.4584196
North Macedonia,1998,72.88,32870,3,Sunday,L,0,2010000,0,0.514,TRUE,0.47606966
Madagascar,2001,66.8,244148,5.799999999999997,Sunday,P,0,NA,0,0.509,TRUE,0.64941806
Malawi,2004,59.41,15529,0.48999999999999844,Thursday,L,0,NA,1,0.455,FALSE,0.6100647
Malawi,2004,54.3,273281,8.799999999999997,Thursday,P,0,NA,1,0.455,FALSE,0.6100647
Malaysia,2004,74.51,2781865,40,Sunday,L,0,NA,0,0.3,FALSE,0.5703578
Malaysia,1995,68.3,3169039,53.2,Tuesday,L,0,20100000,0,0.255,FALSE,0.5876303
Malaysia,2013,83.3,386285,3.6000000000000014,Sunday,L,0,NA,0,0.315,FALSE,0.5317838
Malaysia,2008,74.7,2551859,31.819999999999997,Saturday,L,0,NA,0,0.316,FALSE,0.5745656
Maldives,2009,78.87,11163,7.799999999999997,Saturday,L,0,NA,0,0.619,TRUE,0.57849526
Malta,1981,94.6,4142,1.8500000000000014,Saturday,L,0,363000,0,0.673,TRUE,0.42038563
Malta,1992,96.1,13021,5.270000000000003,Saturday,L,0,359000,0,0.778,TRUE,0.42038563
Malta,1998,95.4,12817,4.840000000000003,Saturday,L,0,377000,0,0.797,TRUE,0.42038563
Malta,2013,93.8,35107,11.489999999999995,Saturday,L,0,NA,0,0.796,TRUE,0.4509795
Malta,1996,96.3,7633,2.9000000000000057,Saturday,L,0,373000,0,0.795,TRUE,0.42038563
Malta,1987,96.11,4785,2.039999999999999,Saturday,L,0,346000,0,0.722,TRUE,0.42038563
Malta,2017,92.1,35280,11.299999999999997,Saturday,L,0,NA,0,0.77,TRUE,0.46237022
Malta,2003,96,12080,4.280000000000001,Saturday,L,0,400000,0,0.796,TRUE,0.42038563
Malta,2008,93.3,1580,0.5500000000000043,Saturday,L,0,NA,0,0.809,TRUE,0.42736176
Mauritania,2014,56.5,516777,73.2,Saturday,P,0,NA,0,0.43,FALSE,0.521352
Mexico,2006,58.6,402708,1.0399999999999991,Sunday,P,1,NA,1,0.675,TRUE,0.71735024
Mexico,2018,63.43,17503363,31.800000000000004,Sunday,P,1,NA,1,0.671,TRUE,0.75181776
Mexico,2009,44.76,2970620,8.7,Sunday,L,1,NA,0,0.641,TRUE,0.748803
Mexico,2006,58.51,1826968,4.690000000000001,Sunday,L,1,NA,1,0.675,TRUE,0.71735024
Mexico,2012,62.4,537476,1.1099999999999994,Sunday,L,1,NA,1,0.645,TRUE,0.7548383
Mexico,2012,63.08,3192281,6.600000000000001,Sunday,P,1,NA,1,0.645,TRUE,0.7548383
Mexico,2018,62.84,10875985,19.300000000000004,Sunday,L,1,NA,1,0.671,TRUE,0.75181776
Mexico,2015,47,3008971,8.21,Sunday,L,1,NA,0,0.636,TRUE,0.74347275
Mexico,2003,41.3,1614207,6.300000000000001,Sunday,L,1,102806000,0,0.702,TRUE,0.70613474
Moldova,2016,57.4,67488,4.200000000000003,Sunday,P,0,NA,0,0.539,TRUE,0.48420697
Moldova,2014,55.79,5711,0.3500000000000014,Sunday,L,0,NA,0,0.644,TRUE,0.4903474
Moldova,2009,58.8,444704,28.1,Sunday,L,0,NA,0,0.478,FALSE,0.51620066
Moldova,2001,67.5,582737,36.7,Sunday,L,0,4264300,0,0.529,TRUE,0.5054254
Moldova,2005,69.4,271959,17.5,Sunday,L,0,3941500,0,0.464,FALSE,0.5104002
Moldova,1998,72.3,171796,10.600000000000001,Sunday,L,0,4304700,0,0.587,TRUE,0.51061106
Moldova,2010,65.04320042571156,170991,9.899999999999999,Sunday,L,0,NA,0,0.638,TRUE,0.50707304
Moldova,2016,51.2,131398,5.299999999999997,Sunday,P,0,NA,0,0.539,TRUE,0.48420697
Mongolia,2012,61.1,45364,4.099999999999998,Thursday,L,0,NA,0,0.688,TRUE,0.5796677
Mongolia,2013,66.50227729522446,102414,8.369999999999997,Wednesday,P,0,NA,0,0.688,TRUE,0.56727284
Mongolia,2017,68.63,105730,7.890000000000001,Monday,P,0,NA,0,0.668,TRUE,0.5574364
Mongolia,2016,74.3,168947,11.979999999999997,Wednesday,L,0,NA,0,0.674,TRUE,0.5582206
Mongolia,2017,60.67,114159,10.299999999999997,Friday,P,0,NA,0,0.668,TRUE,0.5574364
Montenegro,2006,71.37,115007,33.92,Sunday,L,0,631000,0,0.497,FALSE,0.4833955
Montenegro,2016,73.4,6890,4.899999999999999,Sunday,L,0,NA,0,0.466,FALSE,0.51425755
Montenegro,2008,68.1,106645,32.29,Sunday,P,0,684000,0,0.501,TRUE,0.49017325
Montenegro,2009,66.19,113743,35.099999999999994,Sunday,L,0,NA,0,0.505,TRUE,0.49374637
Montenegro,2013,63.9,7651,2.4200000000000017,Sunday,P,0,NA,0,0.477,FALSE,0.50519174
Montenegro,2012,70.6,82607,23.099999999999998,Sunday,L,0,NA,0,0.502,TRUE,0.5138872
Morocco,1984,67.4,338107,7.600000000000001,Tuesday,L,0,21331000,0,0.162,FALSE,0.59173703
Mozambique,2014,48.5,1080858,23.9,Wednesday,L,0,NA,1,0.437,FALSE,0.72475654
Mozambique,2014,48.6,995115,20.4,Wednesday,P,0,NA,1,0.437,FALSE,0.72475654
Myanmar,2015,69.82,6452641,28.900000000000002,Sunday,L,0,NA,0,0.375,FALSE,0.6185122
Namibia,2009,68.64,512024,63.099999999999994,Saturday,L,0,NA,1,0.661,TRUE,0.7652751
Namibia,2009,68.73,522601,64.39999999999999,Saturday,P,0,NA,1,0.661,TRUE,0.7652751
Netherlands,1989,80.3,305251,3.3999999999999986,Wednesday,L,0,14805000,0,0.864,TRUE,0.37981856
Netherlands,1994,78.8,156717,1.8000000000000007,Tuesday,L,0,15324000,0,0.861,TRUE,0.38666537
Netherlands,2012,74.57,164198,1.7399999999999984,Wednesday,L,0,NA,0,0.869,TRUE,0.40775657
Netherlands,2002,79,1038922,10.899999999999999,Wednesday,L,0,16105000,0,0.852,TRUE,0.39490578
Netherlands,2003,79.9,132117,1.4000000000000021,Wednesday,L,0,16192572,0,0.861,TRUE,0.3986516
Netherlands,2010,75.4,80770,0.8599999999999994,Wednesday,L,0,NA,0,0.873,TRUE,0.4062617
Netherlands,2006,80.4,523496,5.300000000000001,Wednesday,L,0,NA,0,0.866,TRUE,0.41131145
Netherlands,1986,85.8,121240,1.3000000000000043,Wednesday,L,0,14529000,0,0.863,TRUE,0.38493624
Netherlands,1981,87,218807,2.5,Tuesday,L,0,14209000,0,0.863,TRUE,0.3713276
Netherlands,2017,81.9,865410,8.200000000000001,Wednesday,L,0,NA,0,0.874,TRUE,0.41893938
Netherlands,1982,81,83076,1,Wednesday,L,0,14286000,0,0.864,TRUE,0.37422892
Netherlands,1998,73.4,369584,4.300000000000001,Wednesday,L,0,15654000,0,0.848,TRUE,0.38284117
New Zealand,1984,93.7,136660,7.100000000000001,Saturday,L,0,3252800,0,0.867,TRUE,0.4834295
New Zealand,1957,92.9,47397,4.099999999999994,Saturday,L,0,2232500,0,0.81,TRUE,0.5386596
New Zealand,1972,89.1,96247,6.899999999999999,Saturday,L,0,2915600,0,0.848,TRUE,0.517694
New Zealand,1987,89.1,72143,4,Saturday,L,0,3303600,0,0.866,TRUE,0.4566564
New Zealand,1946,97.5,29855,2.8999999999999986,Wednesday,L,0,1759600,0,0.801,TRUE,0.51877964
New Zealand,1949,94,50732,4.699999999999996,Wednesday,L,0,1871700,0,0.804,TRUE,0.54904526
New Zealand,2008,79.46,256518,10.939999999999998,Saturday,L,0,NA,0,0.889,TRUE,0.3756222
New Zealand,1990,85.2,231443,12.699999999999996,Saturday,L,0,3362500,0,0.873,TRUE,0.5039373
New Zealand,1951,89.1,86425,8,Saturday,L,0,1947600,0,0.773,TRUE,0.54554343
New Zealand,2014,77.9,526967,21.939999999999998,Saturday,L,0,NA,0,0.891,TRUE,0.45426974
New Zealand,2005,80.92,45506,2,Saturday,L,0,NA,0,0.887,TRUE,0.4450477
New Zealand,2002,76.98,412909,20.33,Saturday,L,0,NA,0,0.887,TRUE,0.46343967
New Zealand,2017,79.75,195891,7.560000000000002,Saturday,L,0,NA,0,0.891,TRUE,0.4578518
New Zealand,1975,82.5,128683,8,Saturday,L,0,3100100,0,0.854,TRUE,0.48534095
New Zealand,2011,74.21,443699,19.830000000000002,Saturday,L,0,NA,0,0.901,TRUE,0.446649
New Zealand,1978,87.5,10085,0.6000000000000014,Saturday,L,0,3143500,0,0.852,TRUE,0.47728258
New Zealand,1996,88.3,117156,5.599999999999998,Saturday,L,0,3715700,0,0.882,TRUE,0.49856418
New Zealand,1999,84.8,170267,8.200000000000003,Saturday,L,0,3812800,0,0.888,TRUE,0.48485628
New Zealand,1963,89.6,39809,3.3999999999999986,Saturday,L,0,2536900,0,0.837,TRUE,0.52205795
New Zealand,1954,91.4,1548,0.19999999999999574,Saturday,L,0,2094900,0,0.798,TRUE,0.5501669
New Zealand,1966,86,26553,2.200000000000003,Saturday,L,0,2682600,0,0.833,TRUE,0.5108745
New Zealand,1969,88.9,13905,1,Saturday,L,0,2780100,0,0.836,TRUE,0.5139262
New Zealand,1960,89.8,48867,4.200000000000003,Saturday,L,0,2377000,0,0.832,TRUE,0.52301013
New Zealand,1981,91.4,4122,0.20000000000000284,Saturday,L,0,3156700,0,0.849,TRUE,0.47420177
New Zealand,1993,85.2,7133,0.29999999999999716,Saturday,L,0,3555800,0,0.882,TRUE,0.51166064
Niger,2011,48.17,499391,16,Saturday,P,0,NA,0,0.547,TRUE,0.5328352
Niger,2011,49.22,401486,12.399999999999999,Monday,L,0,NA,1,0.547,TRUE,0.5328352
Niger,2011,50.1,432909,12.900000000000002,Monday,P,0,NA,0,0.547,TRUE,0.5328352
Nigeria,2003,67.9,11746118,29.799999999999997,Saturday,P,0,NA,0,0.437,FALSE,0.58198184
Nigeria,2003,50,7906276,27.05,Saturday,L,0,NA,0,0.437,FALSE,0.58198184
Norway,1985,84,270175,10.39,Monday,L,0,4159187,0,0.865,TRUE,0.36444435
Norway,1997,78.3,508986,19.7,Monday,L,0,4417599,0,0.886,TRUE,0.3973264
Norway,1989,83.16,318711,12.069999999999997,Monday,L,0,4233116,0,0.866,TRUE,0.31876877
Norway,2005,77.4,280560,10.600000000000001,Monday,L,0,4606363,0,0.894,TRUE,0.4150185
Norway,1981,82,134377,5.5000000000000036,Monday,L,0,4107063,0,0.865,TRUE,0.3684828
Norway,2009,76.4,334332,12.489999999999998,Monday,L,0,NA,0,0.897,TRUE,0.3966801
Norway,2001,75.5,77780,3.1000000000000014,Tuesday,L,0,4524066,0,0.891,TRUE,0.38912007
Norway,2017,78.2,68052,2.3999999999999986,Monday,L,0,NA,0,0.895,TRUE,0.40304646
Norway,1993,75.8,489351,19.879999999999995,Monday,L,0,4324815,0,0.885,TRUE,0.34928444
Norway,2013,78.2,114537,4.030000000000001,Monday,L,0,NA,0,0.889,TRUE,0.41501057
Pakistan,2013,53.62,7403440,16.3,Saturday,L,0,NA,0,0.466,FALSE,0.526845
Pakistan,1990,45.2,113295,0.6000000000000014,Wednesday,L,0,106000000,0,0.375,FALSE,0.53986484
Pakistan,2018,51.9,4090759,7.700000000000003,Wednesday,L,0,NA,0,0.402,FALSE,0.529781
Peru,2001,81.4,643627,6.200000000000003,Sunday,P,1,26346840,0,0.736,TRUE,0.74544436
Peru,2001,82.3,1138310,11,Sunday,P,1,26346840,1,0.736,TRUE,0.74544436
Peru,2006,87.7,694937,5.260000000000005,Sunday,P,1,NA,0,0.796,TRUE,0.71266
Peru,2006,88.7,61174,0.5999999999999979,Sunday,L,1,NA,1,0.796,TRUE,0.71266
Peru,2016,81.8,2886412,19,Sunday,P,1,NA,1,0.783,TRUE,0.6842254
Peru,2011,83.72,296222,2.3000000000000007,Sunday,L,1,NA,1,0.807,TRUE,0.68850374
Peru,2011,83.71,1193469,8.149999999999999,Sunday,P,1,NA,1,0.807,TRUE,0.68850374
Peru,2016,81.9,2423367,19.880000000000003,Sunday,L,1,NA,1,0.783,TRUE,0.6842254
Peru,2011,82.5,447057,6,Sunday,P,1,NA,0,0.807,TRUE,0.68850374
Peru,2006,88.7,772400,7,Sunday,P,1,NA,1,0.796,TRUE,0.71266
Peru,2001,80.5,620208,6.600000000000001,Sunday,L,1,26346840,1,0.736,TRUE,0.74544436
Peru,2016,80.09,41057,0.23999999999999488,Sunday,P,1,NA,0,0.783,TRUE,0.6842254
Poland,2015,50.9,2050213,13.489999999999998,Sunday,L,0,NA,0,0.873,TRUE,0.4812476
Poland,2005,40.6,336455,2.8999999999999986,Sunday,L,0,38028000,0,0.883,TRUE,0.47832566
Poland,2005,49.7,481739,3,Sunday,P,0,38028000,0,0.883,TRUE,0.47832566
Poland,2015,49,148032,1,Sunday,P,0,NA,0,0.873,TRUE,0.4812476
Poland,2010,55.3,1014753,6,Sunday,P,0,NA,0,0.893,TRUE,0.47342026
Poland,2015,55.9,518316,3.200000000000003,Sunday,P,0,NA,0,0.873,TRUE,0.4812476
Poland,1995,64.7,358342,2,Sunday,P,0,38609000,0,0.889,TRUE,0.41502297
Poland,2007,53.9,1517533,9.399999999999999,Sunday,L,0,38115000,0,0.873,TRUE,0.47865012
Poland,2001,46.3,3691420,28.3,Sunday,L,0,38242000,0,0.881,TRUE,0.44108203
Poland,2005,51,1235149,8,Sunday,P,0,38028000,0,0.883,TRUE,0.47832566
Poland,1990,53.4,6939598,48.599999999999994,Sunday,P,0,38183000,0,0.747,TRUE,0.35223973
Poland,1997,47.9,876149,6.699999999999996,Sunday,L,0,38660000,0,0.871,TRUE,0.4140148
Poland,2000,61.1,6441083,36.599999999999994,Sunday,P,0,38254000,0,0.88,TRUE,0.4393096
Poland,1980,98.87,24563500,99,Sunday,L,0,35735000,0,0.214,FALSE,0.32326892
Poland,1991,43.2,37231,0.3000000000000007,Sunday,L,0,38309000,0,0.866,TRUE,0.36111504
Poland,1995,68.2,646263,3.4000000000000057,Sunday,P,0,38609000,0,0.889,TRUE,0.41502297
Poland,1990,60.6,2772284,17,Sunday,P,0,38183000,0,0.747,TRUE,0.35223973
Poland,2010,54.9,853064,4.539999999999999,Sunday,P,0,NA,0,0.893,TRUE,0.47342026
Poland,2011,48.92,1334757,9.300000000000004,Sunday,L,0,NA,0,0.894,TRUE,0.476833
Portugal,2011,58.03,592834,10.609999999999996,Sunday,L,0,NA,0,0.892,TRUE,0.49764186
Portugal,1999,61.09,635764,11.740000000000002,Sunday,L,0,10195000,0,0.873,TRUE,0.49205318
Portugal,1980,84.4,937039,16.199999999999996,Sunday,P,0,9819000,0,0.845,TRUE,0.40917364
Portugal,1983,77.8,525648,9.590000000000003,Monday,L,0,9970000,0,0.86,TRUE,0.42955613
Portugal,2016,48.66,1351818,29.12,Sunday,P,0,NA,0,0.892,TRUE,0.49020988
Portugal,1991,62.16,2763142,56.19,Sunday,P,0,9867147,0,0.862,TRUE,0.45684776
Portugal,1986,75.4,1185914,21,Sunday,P,0,10007000,0,0.867,TRUE,0.4468236
Portugal,2009,59.68,423573,7.450000000000003,Sunday,L,0,NA,0,0.896,TRUE,0.48951724
Portugal,1996,66.29,439925,7.819999999999993,Sunday,P,0,10073000,0,0.873,TRUE,0.4859971
Portugal,2002,61.48,132181,2.4200000000000017,Sunday,L,0,10407000,0,0.883,TRUE,0.50242954
Portugal,2011,46.52,1400118,33.21000000000001,Sunday,P,0,NA,0,0.892,TRUE,0.49764186
Portugal,1995,66.3,569166,9.64,Sunday,L,0,10043000,0,0.865,TRUE,0.49422234
Portugal,2005,64.26,934887,16.26,Sunday,L,0,10529000,0,0.893,TRUE,0.5065089
Portugal,2015,55.84,245774,4.539999999999999,Sunday,L,0,NA,0,0.891,TRUE,0.4907104
Portugal,1987,71.6,1569498,28.51,Sunday,L,0,9981000,0,0.87,TRUE,0.44620022
Portugal,1980,77.8,1023814,17.7,Sunday,L,0,9819000,0,0.845,TRUE,0.40917364
Portugal,2001,49.71,902067,20.869999999999997,Sunday,P,0,10356117,0,0.877,TRUE,0.51264846
Portugal,1985,74.2,516841,9.240000000000002,Sunday,L,0,10014000,0,0.866,TRUE,0.44825134
Portugal,1986,78,138692,2.4000000000000057,Sunday,P,0,10007000,0,0.867,TRUE,0.4468236
Portugal,1991,67.78,1231593,21.470000000000002,Sunday,L,0,9867147,0,0.862,TRUE,0.45684776
Portugal,2006,61.53,1635134,29.8,Sunday,P,0,NA,0,0.896,TRUE,0.5144094
Romania,1992,76.3,838564,7.709999999999997,Sunday,L,0,22810035,1,0.557,TRUE,0.38248143
Romania,2004,58.5,538806,5.280000000000001,Sunday,L,0,21673000,1,0.594,TRUE,0.5205836
Romania,2016,39.5,1792487,25.5,Sunday,L,0,NA,0,0.733,TRUE,0.5097688
Romania,2000,65.3,1856437,17.13,Sunday,L,0,22435000,1,0.617,TRUE,0.47266522
Romania,2014,53.1,954687,10,Sunday,P,0,NA,0,0.676,TRUE,0.5469189
Romania,1996,76.01,1058461,8.650000000000002,Sunday,L,0,22608000,1,0.579,TRUE,0.4713564
Romania,1990,86.2,10703310,74.42999999999999,Sunday,P,0,23207000,1,0.517,TRUE,0.35835204
Romania,2000,65.3,897980,8,Sunday,P,0,22435000,1,0.617,TRUE,0.47266522
Romania,2009,58.02,70048,0.6599999999999966,Sunday,P,0,NA,0,0.669,TRUE,0.5609646
Romania,2004,56.7,733628,7,Sunday,P,0,21673000,1,0.594,TRUE,0.5205836
Romania,1992,76.3,1916459,16,Sunday,P,0,22810035,1,0.557,TRUE,0.38248143
Romania,1996,76,511152,4,Sunday,P,0,22608000,1,0.579,TRUE,0.4713564
Romania,2004,55.21,245274,2.4599999999999937,Sunday,P,0,21673000,0,0.594,TRUE,0.5205836
Romania,2009,54.4,125802,1,Sunday,P,0,NA,0,0.669,TRUE,0.5609646
Romania,2000,57.5,3372376,33.66,Sunday,P,0,22435000,0,0.617,TRUE,0.47266522
Romania,2014,64.1,1024386,8.799999999999997,Sunday,P,0,NA,0,0.676,TRUE,0.5469189
Romania,2008,39.2,50589,0.740000000000002,Sunday,L,0,NA,0,0.621,TRUE,0.56333214
Romania,1996,75.9,1143327,8.799999999999997,Sunday,P,0,22608000,0,0.579,TRUE,0.4713564
Romania,2012,41.8,3121099,42.120000000000005,Sunday,L,0,NA,0,0.676,TRUE,0.5402855
Romania,1990,86.1,8098058,59.08,Sunday,L,0,23207000,1,0.517,TRUE,0.35835204
Russia,2016,47.8,21508076,41.6,Sunday,L,0,NA,0,0.267,FALSE,0.54333687
Russia,1999,61.7,646842,1,Sunday,L,0,14670000,0,0.466,FALSE,0.5816442
Russia,2012,65.3,33283722,46.400000000000006,Sunday,P,0,NA,0,0.282,FALSE,0.5467669
Russia,2000,68.6,17811999,23.9,Sunday,P,0,14590000,0,0.412,FALSE,0.60142887
Russia,1995,64.4,7695532,11.299999999999999,Sunday,L,0,14830000,0,0.48,FALSE,0.5618541
Russia,2011,60.21,19779628,29.150000000000002,Sunday,L,0,NA,0,0.305,FALSE,0.5648761
Russia,2004,64.3,40043774,58.10000000000001,Sunday,P,0,14420000,0,0.324,FALSE,0.58917475
Russia,1991,74.7,32156706,41.400000000000006,Wednesday,P,0,14850000,0,0.256,FALSE,0.33550644
Russia,2008,69.7,39287162,52.599999999999994,Sunday,P,0,14200000,0,0.308,FALSE,0.61211944
Russia,1996,68.8,10101660,13.699999999999996,Wednesday,P,0,14800000,0,0.467,FALSE,0.6343387
Russia,2007,63.7,36667355,52.699999999999996,Friday,L,0,14220000,0,0.314,FALSE,0.59815836
Russia,1996,69.7,2453809,3,Sunday,P,0,14800000,0,0.467,FALSE,0.6343387
Russia,1993,54.2,3979217,7.399999999999999,Sunday,L,0,14870000,0,0.483,FALSE,0.45943636
Russia,2003,55.7,15128474,25,Sunday,L,0,14500000,0,0.347,FALSE,0.5962597
Rwanda,2010,97.5,4382072,87.89999999999999,Monday,P,0,NA,0,0.224,FALSE,0.6733763
Sao Tome and Principe,2010,89.1,7078,10.100000000000001,Sunday,L,0,NA,0,0.682,TRUE,0.5090416
Senegal,2001,67.4,605165,32.2,Sunday,L,0,NA,0,0.608,TRUE,0.6178794
Serbia,2016,56.1,1409377,37.3,Sunday,L,0,NA,0,0.416,FALSE,0.5682817
Serbia,2014,53.09,1252313,34.86,Sunday,L,0,NA,0,0.449,FALSE,0.57498693
Serbia,2017,54.36,1415060,38.71,Sunday,P,0,NA,0,0.378,FALSE,0.5225903
Seychelles,2006,88.7,4573,8.199999999999996,Sunday,P,0,NA,0,0.453,FALSE,0.62535506
Sierra Leone,2018,80.1,92235,4,Saturday,P,0,NA,0,0.545,TRUE,0.5710727
Sierra Leone,2018,84.2,14734,0.5999999999999943,Wednesday,P,0,NA,1,0.545,TRUE,0.5710727
Sierra Leone,2018,84.2,10921,0.3999999999999986,Wednesday,L,0,NA,1,0.545,TRUE,0.5710727
Singapore,2011,94.7,7382,0.30000000000000426,Saturday,P,1,NA,0,0.416,FALSE,0.5355367
Singapore,1984,95.6,457371,52.099999999999994,Thursday,L,1,2443700,0,0.355,FALSE,0.4500677
Singapore,2001,94.6,395517,63.3,Saturday,L,1,NA,0,0.393,FALSE,0.5505761
Singapore,1988,94.7,623556,46.5,Saturday,L,1,2598500,0,0.366,FALSE,0.46519664
Singapore,1976,95.1,498203,62.599999999999994,Thursday,L,1,2293300,0,0.342,FALSE,0.44802427
Singapore,1980,95.5,454678,71.5,Tuesday,L,1,2282100,0,0.347,FALSE,0.45385376
Singapore,1993,94.5,282155,17.400000000000006,Saturday,P,1,2873800,0,0.376,FALSE,0.45365795
Singapore,2006,94,564552,50.300000000000004,Saturday,L,1,NA,0,0.397,FALSE,0.5186817
Singapore,2011,85.2,943476,47.1,Saturday,L,1,NA,0,0.416,FALSE,0.5355367
Singapore,1997,95.9,364207,50.8,Thursday,L,1,3103500,0,0.39,FALSE,0.46012467
Singapore,1972,93.5,434007,58.2,Saturday,L,1,2152400,0,0.33,FALSE,0.4467453
Singapore,1991,95,365750,46.7,Saturday,L,1,2762700,0,0.385,FALSE,0.45675036
Slovakia,2012,59.1,865733,33.9,Saturday,L,0,NA,0,0.848,TRUE,0.4023687
Slovakia,2002,70.1,126738,4.41,Saturday,L,0,5388000,0,0.853,TRUE,0.4024425
Slovakia,2014,50.4,413224,18.799999999999997,Saturday,P,0,NA,0,0.842,TRUE,0.39517418
Slovakia,2010,58.84,490069,19.379999999999995,Saturday,L,0,NA,0,0.858,TRUE,0.42090642
Slovakia,2016,59.8,421923,16.200000000000003,Saturday,L,0,NA,0,0.844,TRUE,0.39254895
Slovakia,1999,73.9,298994,10,Saturday,P,0,5388000,0,0.85,TRUE,0.38478324
Slovakia,1999,75.5,433839,14.36,Saturday,P,0,5388000,0,0.85,TRUE,0.38478324
Slovakia,2009,51.67,245979,11.060000000000002,Saturday,P,0,NA,0,0.843,TRUE,0.40073472
Slovakia,2006,54.67,248370,10.780000000000001,Saturday,L,0,5379000,0,0.824,TRUE,0.4184479
Slovakia,2004,47.9,166322,9,Saturday,P,0,5379000,0,0.853,TRUE,0.42370903
Slovakia,2009,43.63,162326,9,Saturday,P,0,NA,0,0.843,TRUE,0.40073472
Slovakia,1998,84.2,22606,0.6700000000000017,Saturday,L,0,5388000,0,0.777,TRUE,0.37735966
Slovakia,2004,43.5,357224,19.819999999999993,Saturday,P,0,5379000,0,0.853,TRUE,0.42370903
Slovakia,2014,43.4,75923,4,Saturday,P,0,NA,0,0.842,TRUE,0.39517418
Slovenia,2007,57.6,42063,4,Sunday,P,0,2009000,0,0.83,TRUE,0.41840532
Slovenia,2007,58.4,359045,36.06,Sunday,P,0,2009000,0,0.83,TRUE,0.41840532
Slovenia,1992,85.7,106427,8.99,Sunday,L,0,2002000,0,0.852,TRUE,0.3419188
Slovenia,2014,51.7,120511,13.8,Sunday,L,0,NA,0,0.865,TRUE,0.4184371
Slovenia,2008,63.1,12513,1.1899999999999977,Sunday,L,0,2008000,0,0.832,TRUE,0.41760153
Slovenia,2000,70.35,220256,20.41,Sunday,L,0,1990000,0,0.845,TRUE,0.40305313
Slovenia,2004,60.64,60862,6.279999999999998,Sunday,L,0,1997000,0,0.828,TRUE,0.41442552
Slovenia,2011,65.6,25554,2.3200000000000003,Sunday,L,0,NA,0,0.862,TRUE,0.40836176
Slovenia,2017,42.1,44068,6,Sunday,P,0,NA,0,0.842,TRUE,0.40921605
Slovenia,2018,52.6,109792,12.299999999999999,Sunday,L,0,NA,0,0.835,TRUE,0.40766904
Slovenia,1996,73.7,81597,7.630000000000003,Sunday,L,0,1991000,0,0.855,TRUE,0.4038019
Slovenia,2002,72,155494,13,Sunday,P,0,1964036,0,0.85,TRUE,0.40554312
Slovenia,2002,65.4,135475,13,Sunday,P,0,1964036,0,0.85,TRUE,0.40554312
Slovenia,2012,48.4,32577,4,Sunday,P,0,NA,0,0.85,TRUE,0.41485864
Slovenia,2012,42.4,246888,34.74,Sunday,P,0,NA,0,0.85,TRUE,0.41485864
Slovenia,1992,85.8,531004,42.76,Sunday,P,0,2002000,0,0.852,TRUE,0.3419188
Slovenia,2017,44.3,168882,22,Sunday,P,0,NA,0,0.842,TRUE,0.40921605
Slovenia,1997,68.65,387280,37.15,Sunday,P,0,1987000,0,0.846,TRUE,0.39755622
South Africa,2009,77.3,8704919,49.2,Wednesday,L,0,NA,0,0.774,TRUE,0.6898641
South Africa,1987,67.8,527946,25.900000000000002,Wednesday,L,0,4568739,0,0.18,FALSE,0.5893379
South Africa,1999,89.3,9073993,56.699999999999996,Wednesday,L,0,NA,0,0.712,TRUE,0.6410942
South Africa,2004,76.7,8947050,57.300000000000004,Wednesday,L,0,NA,0,0.767,TRUE,0.66502935
South Africa,1984,20.3,168634,63.00000000000001,Wednesday,L,0,821361,0,0.181,FALSE,0.5893379
South Africa,2014,73.5,7345337,40,Wednesday,L,0,NA,0,0.745,TRUE,0.74648553
South Africa,1989,69.5,359573,16.700000000000003,Wednesday,L,0,NA,0,0.189,FALSE,0.5893379
South Africa,1994,86.7,8253975,42.2,Friday,L,0,NA,0,0.393,FALSE,0.5924187
South Africa,1981,58.9,513074,38.6,Wednesday,L,0,4528000,0,0.181,FALSE,0.5893379
Spain,1982,79.9,3008684,14.299999999999997,Thursday,L,0,37389006,0,0.881,TRUE,0.46078596
Spain,2011,68.94,3863055,15.870000000000001,Sunday,L,0,47021031,0,0.89,TRUE,0.4537086
Spain,1996,77.38,1330161,5.400000000000002,Sunday,L,0,39669394,0,0.891,TRUE,0.47178313
Spain,1986,70.5,2354308,11.799999999999997,Sunday,L,0,38473418,0,0.888,TRUE,0.4759959
Spain,2015,69.7,1691650,6.699999999999999,Sunday,L,0,46776797,0,0.855,TRUE,0.46292508
Spain,2008,73.8,545963,2.1999999999999957,Sunday,L,0,46063000,0,0.886,TRUE,0.46038473
Spain,2000,68.7,3552959,15.540000000000003,Sunday,L,0,40499791,0,0.89,TRUE,0.45877653
Spain,1993,76.44,948620,4.060000000000002,Sunday,L,0,39790955,0,0.892,TRUE,0.46417072
Spain,2016,66.48042725547414,2497390,10.379999999999999,Sunday,L,0,46624382,0,0.848,TRUE,0.4629257
Spain,2004,75.66,1263019,4.960000000000001,Sunday,L,0,42717064,0,0.873,TRUE,0.4554131
Sweden,2006,81.99,486611,8.760000000000002,Sunday,L,0,9113257,0,0.919,TRUE,0.4208632
Sweden,1985,89.9,1300216,23.400000000000002,Sunday,L,0,8358139,0,0.913,TRUE,0.37101328
Sweden,1982,91.4,1219913,22,Sunday,L,0,8327484,0,0.912,TRUE,0.35992795
Sweden,2014,85.8,479194,7.800000000000001,Sunday,L,0,NA,0,0.921,TRUE,0.40128332
Sweden,1988,85.95,1338605,24.900000000000002,Sunday,L,0,8458888,0,0.915,TRUE,0.37595394
Sweden,2010,84.63,35731,0.6000000000000014,Sunday,L,0,NA,0,0.922,TRUE,0.42121914
Sweden,2002,80.11,1304519,24.590000000000003,Sunday,L,0,8940788,0,0.914,TRUE,0.38530636
Sweden,1994,86.82,1270652,22.87,Sunday,L,0,8816381,0,0.915,TRUE,0.39574638
Sweden,1991,86.7,863367,15.79,Sunday,L,0,8644119,0,0.916,TRUE,0.36426812
Sweden,1998,81.38,709500,13.489999999999998,Sunday,L,0,8854322,0,0.914,TRUE,0.40651917
Switzerland,1983,48.9,9649,0.48999999999999844,Sunday,L,0,6427833,0,0.877,TRUE,0.40899733
Switzerland,1999,43.3,1599,0.10000000000000142,Sunday,L,0,7164444,0,0.892,TRUE,0.41746777
Switzerland,1987,46.5,64795,3.3500000000000014,Sunday,L,0,6566799,0,0.874,TRUE,0.4121985
Switzerland,2003,45.23,70365,3.3999999999999986,Sunday,L,0,7364148,0,0.89,TRUE,0.42807955
Switzerland,1995,42.22,30711,1.6000000000000014,Sunday,L,0,7062354,0,0.89,TRUE,0.3984873
Switzerland,2015,48.4,265896,10.599999999999998,Sunday,L,0,NA,0,0.908,TRUE,0.43007553
Switzerland,2007,48.28,216202,9.380000000000003,Sunday,L,0,NA,0,0.891,TRUE,0.436419
Switzerland,2011,48.5,191358,7.900000000000002,Sunday,L,0,NA,0,0.901,TRUE,0.43885306
Switzerland,1991,46.05,51104,2.4899999999999984,Sunday,L,0,6842768,0,0.889,TRUE,0.4020781
Taiwan,1995,67.6,1216933,12.899999999999999,Saturday,L,0,20893361,0,0.326,FALSE,0.52770084
Taiwan,2008,76.33,2214065,16.85,Saturday,P,0,NA,0,0.802,TRUE,0.60615516
Taiwan,2016,66.27,3081379,25.1,Saturday,P,0,NA,1,0.84,TRUE,0.6228339
Taiwan,2016,66.25,2090004,17.200000000000003,Saturday,L,0,NA,1,0.84,TRUE,0.6228339
Taiwan,2008,58.28,1400695,14.300000000000004,Saturday,L,0,NA,0,0.802,TRUE,0.60615516
Taiwan,1998,68.1,1692845,16.799999999999997,Saturday,L,0,21442231,0,0.67,TRUE,0.5469997
Taiwan,1996,76,3539113,32.9,Saturday,P,0,21311885,1,0.347,FALSE,0.5318492
Taiwan,2012,74.38,797561,6,Saturday,P,0,NA,1,0.811,TRUE,0.61091805
Taiwan,2004,59.35,281348,3.1000000000000014,Saturday,L,0,NA,0,0.78,TRUE,0.60563403
Taiwan,2000,82.7,312725,2.5,Saturday,P,0,22077000,0,0.778,TRUE,0.56563103
Taiwan,1992,72,2086530,22,Monday,L,0,20685341,0,0.299,FALSE,0.50477636
Taiwan,2001,66.16443834686959,498369,5.300000000000001,Saturday,L,0,NA,0,0.784,TRUE,0.5906969
Taiwan,2004,80.28,29518,0.20000000000000284,Saturday,P,0,NA,0,0.78,TRUE,0.60563403
Taiwan,2012,74.32543803182867,1306853,10,Monday,L,0,NA,1,0.811,TRUE,0.61091805
Tajikistan,1999,98.9,2690051,95.5,Saturday,P,0,6112000,0,0.209,FALSE,0.49609935
Tanzania,2000,84.4,4534124,55.400000000000006,Sunday,P,0,NA,1,0.49,FALSE,0.5663994
Thailand,1995,62,304651,0.5,Sunday,L,1,59095419,0,0.438,FALSE,0.6614606
Thailand,1996,62.4,1501478,2.6999999999999993,Sunday,L,1,59460382,0,0.417,FALSE,0.65873194
Thailand,2019,74.7,560268,1.5,Sunday,L,1,NA,0,0.207,FALSE,0.5919982
Thailand,1992,59.2,1401621,3.099999999999998,Sunday,L,1,57788965,0,0.278,FALSE,0.69055337
Thailand,2006,64.8,7369049,26.9,Sunday,L,1,NA,0,0.24,FALSE,0.65217996
Thailand,2007,78.5,3041317,4.5000000000000036,Sunday,L,1,NA,0,0.188,FALSE,0.6468745
Thailand,1992,59.2,1410215,3,Sunday,L,1,57788965,0,0.278,FALSE,0.69055337
Thailand,2001,69.8,4070365,14.800000000000004,Saturday,L,1,61661701,0,0.56,TRUE,0.68100125
Thailand,2011,75,4310428,13.199999999999996,Sunday,L,1,NA,0,0.469,FALSE,0.6365953
Thailand,2005,72.6,10036479,40.2,Sunday,L,1,NA,0,0.526,TRUE,0.6545688
Togo,2015,60.89,490052,23.580000000000005,Saturday,P,0,NA,0,0.503,TRUE,0.6037544
Turkey,1987,93.3,2773335,11.599999999999998,Sunday,L,1,52561000,0,0.433,FALSE,0.6787299
Turkey,2007,84.25,9009483,25.8,Sunday,L,1,NA,0,0.632,TRUE,0.5768652
Turkey,2011,83.16,10243110,23.819999999999997,Sunday,L,1,NA,0,0.528,TRUE,0.5945521
Turkey,2018,86.2,10990502,22,Sunday,P,1,NA,1,0.292,FALSE,0.61367506
Turkey,2015,85.2,11570114,24.2,Sunday,L,1,NA,0,0.378,FALSE,0.5990817
Turkey,2015,83.9,7349272,15.899999999999999,Sunday,L,1,NA,0,0.378,FALSE,0.5990817
Turkey,1991,83.9,738103,3,Sunday,L,1,57326000,0,0.524,TRUE,0.6544665
Turkey,2018,86.24,10990502,21.950000000000003,Sunday,L,1,NA,1,0.292,FALSE,0.61367506
Turkey,1995,85.2,485162,1.6999999999999993,Sunday,L,1,62526000,0,0.55,TRUE,0.6367254
Turkey,1999,87.1,1313087,4.199999999999999,Sunday,L,1,68198000,0,0.587,TRUE,0.63700634
Turkey,2014,74.13,5412423,13.399999999999999,Sunday,P,1,NA,0,0.423,FALSE,0.5932925
Turkey,2002,79.14,4694877,14.89,Sunday,L,1,NA,0,0.651,TRUE,0.63720465
Uganda,2016,67.6,2463185,25,Thursday,P,0,NA,1,0.303,FALSE,0.6238786
Uganda,1996,72.3,3011980,50.5,Thursday,P,0,18590000,0,0.309,FALSE,0.5924559
Ukraine,2010,69.2,887909,4,Sunday,P,0,NA,0,0.491,FALSE,0.40017757
Ukraine,2006,70.1,2495869,9.8,Sunday,L,0,NA,0,0.573,TRUE,0.46608877
Ukraine,2004,77.3,2267184,7.899999999999999,Sunday,P,0,47441000,0,0.38,FALSE,0.47045714
Ukraine,2004,81.1,871402,2.8999999999999986,Sunday,P,0,47441000,0,0.38,FALSE,0.47045714
Ukraine,2014,44.5,50593,0.3000000000000007,Sunday,L,0,NA,0,0.408,FALSE,0.39640814
Ukraine,1999,70.1,3749595,15,Sunday,P,0,50100000,0,0.433,FALSE,0.40747508
Ukraine,2014,59.9,7547178,41.900000000000006,Sunday,P,0,NA,0,0.408,FALSE,0.39640814
Ukraine,2007,62,851702,3.799999999999997,Sunday,L,0,NA,0,0.604,TRUE,0.44849843
Ukraine,2010,66.8,2528857,11,Sunday,P,0,NA,0,0.491,FALSE,0.40017757
Ukraine,2004,77.3,2267184,8,Sunday,P,0,47441000,0,0.38,FALSE,0.47045714
Ukraine,2012,58,907656,4.5,Sunday,L,0,NA,0,0.481,FALSE,0.3932518
Ukraine,1999,74.9,5205302,19.1,Sunday,P,0,50100000,0,0.433,FALSE,0.40747508
United Kingdom,2010,65.1,2097137,7.100000000000001,Thursday,L,0,NA,0,0.87,TRUE,0.46748006
United Kingdom,2015,66.2,1952300,6.399999999999999,Thursday,L,0,NA,0,0.86,TRUE,0.47033128
United Kingdom,1997,71.6,3917224,12.500000000000004,Thursday,L,0,58204000,0,0.817,TRUE,0.4816274
United Kingdom,1987,75.4,3730776,11.499999999999996,Thursday,L,0,55850000,0,0.81,TRUE,0.42922837
United Kingdom,2017,69,0,2.3500000000000014,Thursday,L,0,NA,0,0.871,TRUE,0.4679955
United Kingdom,2005,61.6,767521,2.8000000000000043,Thursday,L,0,60218000,0,0.867,TRUE,0.50081974
United Kingdom,1983,72.8,4555382,14.799999999999997,Thursday,L,0,56328000,0,0.811,TRUE,0.4140121
United Kingdom,2001,59.6,2367338,11.510000000000002,Thursday,L,0,59113000,0,0.865,TRUE,0.48672846
United Kingdom,1992,77.8,2532523,7.5,Thursday,L,0,57593000,0,0.823,TRUE,0.46676606
United States,1956,61.4,9567720,15.399999999999999,Tuesday,P,0,168221000,1,0.619,TRUE,0.4755227
United States,1972,56.4,17999528,23.200000000000003,Tuesday,P,0,209896000,1,0.741,TRUE,0.45635676
United States,1960,65.2,118574,0.20000000000000284,Tuesday,P,0,180671000,1,0.65,TRUE,0.48452252
United States,1974,38,8642588,17.1,Tuesday,L,0,213854000,0,0.766,TRUE,0.44331968
United States,1990,36.2,4705639,8,Tuesday,L,0,248709000,0,0.866,TRUE,0.5125118
United States,1980,55.1,8420270,9.700000000000003,Tuesday,P,0,227726000,1,0.849,TRUE,0.45391038
United States,1964,59.5,9968017,15.199999999999996,Tuesday,L,0,191889000,1,0.685,TRUE,0.48678216
United States,1970,46.3,4631534,8.700000000000003,Tuesday,L,0,203302000,0,0.721,TRUE,0.4425406
United States,1948,53.1,2188054,4.5,Tuesday,P,0,146631000,1,0.605,TRUE,0.5103839
United States,1952,59.6,673487,1.1000000000000014,Tuesday,L,0,156954000,1,0.612,TRUE,0.48360735
United States,1968,62.5,510314,0.6999999999999957,Tuesday,P,0,200706000,1,0.71,TRUE,0.45739147
United States,1976,51.5,10129273,14.100000000000001,Tuesday,L,0,218035000,1,0.795,TRUE,0.44926372
United States,1984,56.4,16877890,18.199999999999996,Tuesday,P,0,236348000,1,0.862,TRUE,0.4891913
United States,1966,46.6,1347842,2.5,Tuesday,L,0,196560000,0,0.705,TRUE,0.4745755
United States,1952,63.5,6621242,10.700000000000003,Tuesday,P,0,156954000,1,0.612,TRUE,0.48360735
United States,1948,50,1328194,2.8999999999999986,Tuesday,L,0,146613000,1,0.605,TRUE,0.5103839
United States,1962,47.6,1963001,3.8000000000000043,Tuesday,L,0,186538000,0,0.672,TRUE,0.473771
United States,1972,52.9,3938241,5.700000000000003,Tuesday,L,0,209896000,1,0.741,TRUE,0.45635676
United States,1988,49.3,6500847,8.399999999999999,Tuesday,L,0,245021000,1,0.865,TRUE,0.51462394
United States,1996,52.1,8203602,8.5,Tuesday,P,0,265502000,1,0.872,TRUE,0.53561306
United States,2002,42.2,3448667,4.700000000000003,Tuesday,L,0,288369000,0,0.827,TRUE,0.54048306
United States,1988,53.4,7077023,7.799999999999997,Tuesday,P,0,245021000,1,0.865,TRUE,0.51462394
United States,1954,43,2594984,6.099999999999994,Tuesday,L,0,163026000,0,0.611,TRUE,0.48338625
United States,1968,57.1,1149985,1.6999999999999957,Tuesday,L,0,200706000,1,0.71,TRUE,0.45739147
United States,1998,37.1,760072,1.2000000000000028,Tuesday,L,0,270509000,0,0.872,TRUE,0.5434747
United States,1956,57.5,1882286,3.200000000000003,Tuesday,L,0,168221000,1,0.619,TRUE,0.4755227
United States,1980,50.8,1311211,1.7000000000000028,Tuesday,L,0,227726000,1,0.849,TRUE,0.45391038
United States,1960,61.3,6320504,9.800000000000004,Tuesday,L,0,180671000,1,0.65,TRUE,0.48452252
United States,2000,48.32475475548429,338616,0.29999999999999716,Tuesday,L,0,281421000,1,0.868,TRUE,0.55032665
United States,1992,58.6,5805444,5.600000000000001,Tuesday,P,0,255410000,1,0.871,TRUE,0.5239857
United States,1986,36.5,5571503,9.799999999999997,Tuesday,L,0,240651000,0,0.864,TRUE,0.49239677
United States,1994,39.8,4356316,6.5,Tuesday,L,0,260637000,0,0.872,TRUE,0.52063686
United States,1984,52.5,3959458,4.899999999999999,Tuesday,L,0,236348000,1,0.862,TRUE,0.4891913
United States,1950,42.5,234323,0.6000000000000014,Tuesday,L,0,151325000,0,0.589,TRUE,0.50982594
United States,1958,44.6,5852245,12.800000000000004,Tuesday,L,0,176184000,0,0.627,TRUE,0.48228022
United States,2000,51.2,543895,0.5,Tuesday,P,0,281421000,1,0.868,TRUE,0.55032665
United States,1996,49.4,463236,0.5,Tuesday,L,0,265502000,1,0.872,TRUE,0.53561306
United States,1964,63.3,15951378,22.6,Tuesday,P,0,191889000,1,0.685,TRUE,0.48678216
United States,1976,55.3,1682970,2.1000000000000014,Tuesday,P,0,218035000,1,0.795,TRUE,0.44926372
United States,1992,54.7,5353465,5.899999999999999,Tuesday,L,0,255410000,1,0.871,TRUE,0.5239857
United States,1978,37.3,4413604,0.6000000000000014,Tuesday,L,0,222585000,0,0.835,TRUE,0.4528324
United States,1946,38.7,2913634,8.5,Tuesday,L,0,142514000,0,0.602,TRUE,0.5040724
Uruguay,2019,90.1,37042,2,Sunday,P,1,NA,0,0.89,TRUE,0.53298765
Uruguay,2014,90.51,401586,16.930000000000003,Sunday,P,1,NA,1,0.905,TRUE,0.53847957
Uruguay,2004,89.6,360222,16.6,Sunday,P,1,3720000,1,0.876,TRUE,0.6237414
Uruguay,2014,90.51,401586,16.930000000000003,Sunday,L,1,NA,1,0.905,TRUE,0.53847957
Uruguay,2009,89.1,203128,9.260000000000005,Sunday,P,1,NA,0,0.893,TRUE,0.58465254
Uruguay,2019,90.1,252924,11,Sunday,P,1,NA,1,0.89,TRUE,0.53298765
Uruguay,2004,89.6,360022,16.6,Sunday,L,1,3720000,1,0.876,TRUE,0.6237414
Uruguay,2019,90.1,252924,11,Sunday,L,1,NA,1,0.89,TRUE,0.53298765
Uruguay,2009,89.9,435320,18.89,Sunday,P,1,NA,1,0.893,TRUE,0.58465254
Uruguay,2009,89.9,435320,18.89,Sunday,L,1,NA,1,0.893,TRUE,0.58465254
Uruguay,2014,88.57,285827,12.309999999999995,Sunday,P,1,NA,0,0.905,TRUE,0.53847957
Uzbekistan,2000,95.1,10642460,91.4,Sunday,P,0,24755000,0,0.157,FALSE,0.57085353
Yemen,2006,65.2,2976149,55.400000000000006,Wednesday,P,0,NA,0,0.292,FALSE,0.69423074
Zambia,2006,70.8,373098,13.600000000000001,Thursday,P,0,NA,0,0.51,TRUE,0.7078
Zambia,1991,45.4,661992,51.599999999999994,Thursday,P,0,8760000,1,0.277,FALSE,0.720703
Zambia,1996,58.7,602468,47.2,Monday,L,0,9456000,1,0.496,FALSE,0.65875125
Zambia,1991,45.3,633051,49.599999999999994,Thursday,L,0,8760000,1,0.277,FALSE,0.720703
Zambia,2006,71.21,436662,16.089999999999996,Thursday,L,0,NA,0,0.51,TRUE,0.7078
Zambia,2015,32.4,27757,1.5999999999999943,Tuesday,P,0,NA,0,0.459,FALSE,0.72221696
Zambia,1996,58.4,753331,59.89999999999999,Monday,P,0,9456000,1,0.496,FALSE,0.65875125
Zimbabwe,1996,30.88,1331901,87.9,Sunday,P,0,11500000,0,0.307,FALSE,0.62444335
